,new_repo_id
0,1614471
1,170062
2,8262113
3,17203
4,3854851
5,71898
6,2538677
7,6432194
8,267844
9,1136011
10,12790580
11,7159897
12,267651
13,1812687
14,312191
15,117139
16,12506950
17,45413
18,3350101
19,221282
20,11255453
21,6267008
22,5817026
23,820970
24,45595
25,171578
26,2244040
27,5630121
28,745600
29,407886
30,2889501
31,577135
32,556665
33,310846
34,270750
35,86081
36,56086
37,216995
38,223092
39,7553599
40,139854
41,377161
42,4348406
43,1986850
44,9613777
45,13004353
46,2770665
47,13621948
48,3315786
49,304203
50,298243
51,4529304
52,251734
53,11396
54,1458793
55,195
56,2238171
57,319394
58,1018077
59,133512
60,11171
61,371099
62,6428248
63,5254516
64,262607
65,3366918
66,380948
67,6708579
68,8918894
69,7476142
70,6464918
71,447693
72,918608
73,492134
74,1685007
75,51720
76,660867
77,185337
78,6087234
79,36727
80,12681286
81,491221
82,3333588
83,9590
84,3082266
85,10526745
86,5184276
87,2596484
88,168381
89,6606523
90,265409
91,4672681
92,1467560
93,6065
94,1789990
95,265037
96,8456065
97,405969
98,13755477
99,342575
100,86045
101,3277088
102,1350547
103,2786828
104,213622
105,1362372
106,237588
107,220259
108,580169
109,388786
110,536029
111,2583133
112,12505457
113,1494670
114,1068771
115,6813
116,1494667
117,3475142
118,27913
119,4224
120,5181353
121,2596486
122,113507
123,2596485
124,108227
125,1494671
126,1353918
127,228924
128,4135092
129,27534
130,5569214
131,162463
132,18504
133,310015
134,14036
135,3356799
136,7002880
137,1711164
138,191717
139,70616
140,6978
141,354486
142,2596490
143,1494672
144,2596489
145,1984500
146,145820
147,1737603
148,28427
149,13742
150,200542
151,7721
152,3254919
153,13560773
154,234175
155,499971
156,161507
157,1362373
158,5439063
159,1494673
160,1986870
161,83381
162,890936
163,3277070
164,3647992
165,1594355
166,6299520
167,6286308
168,1062272
169,10708145
170,931101
171,223178
172,1541878
173,13557117
174,6409670
175,5186012
176,41008
177,4465070
178,8651334
179,1158821
180,726540
181,61640
182,5424568
183,369966
184,107121
185,179171
186,717100
187,387359
188,1986869
189,900570
190,5315804
191,2945785
192,1494675
193,3924715
194,1350618
195,28176
196,11275039
197,4497592
198,490207
199,5266001
200,5244806
201,161965
202,87566
203,1494668
204,32312
205,2786482
206,3977980
207,6941406
208,15697
209,7563907
210,261988
211,296877
212,3519993
213,1494676
214,29793
215,4327807
216,15617
217,368010
218,26079
219,582689
220,15137
221,28561
222,2396716
223,116012
224,5337621
225,373088
226,4554384
227,3202435
228,73846
229,225274
230,4088273
231,470890
232,1494677
233,11989
234,10801629
235,24278
236,3255695
237,300990
238,483274
239,485002
240,9631848
241,10889630
242,1268850
243,104633
244,8896863
245,3500506
246,558478
247,1367307
248,512336
249,9015379
250,1494678
251,4878283
252,451084
253,296124
254,846403
255,1361919
256,4099447
257,7585945
258,791211
259,3712913
260,37297
261,5581332
262,7057979
263,2958368
264,7980349
265,386042
266,599346
267,85706
268,292505
269,6214603
270,296119
271,2662367
272,57957
273,5300953
274,347691
275,4829155
276,10856856
277,18440
278,2975969
279,10920371
280,41856
281,516877
282,213734
283,1181683
284,12540006
285,453163
286,150126
287,10639034
288,559354
289,82748
290,662477
291,363215
292,3071731
293,3172386
294,10413
295,4265990
296,2786897
297,998225
298,4673808
299,19465
300,3349203
301,2978510
302,19101
303,295481
304,2203316
305,1812363
306,251907
307,21772
308,304080
309,392950
310,39991
311,13849913
312,497435
313,43287
314,169469
315,120535
316,3008028
317,255104
318,3694374
319,191669
320,2568641
321,8542
322,1332349
323,1986872
324,816506
325,1727638
326,4526438
327,78535
328,6004373
329,405636
330,1494680
331,2607726
332,466273
333,413747
334,5239685
335,414890
336,1531627
337,2802042
338,519904
339,10843728
340,2401484
341,1494682
342,629957
343,220011
344,3536506
345,5321398
346,13625333
347,715290
348,488101
349,3918532
350,1231273
351,168496
352,166203
353,10873199
354,540616
355,100398
356,5616175
357,521722
358,8827320
359,1069213
360,1576422
361,3006
362,120476
363,226970
364,236321
365,4288194
366,2279
367,1441192
368,5618990
369,1362412
370,87025
371,504884
372,56440
373,1466589
374,491504
375,128100
376,190346
377,418032
378,144795
379,10848718
380,1196111
381,1312239
382,2089983
383,2777785
384,2818374
385,29569
386,6981875
387,790052
388,5100325
389,10867380
390,4347364
391,269581
392,1362374
393,138319
394,178698
395,88940
396,7597518
397,1986873
398,4743970
399,1822497
400,1884880
401,1466314
402,4895204
403,11548939
404,121257
405,353169
406,402328
407,4238111
408,808767
409,5926722
410,476111
411,2475787
412,1803573
413,129907
414,7533854
415,16368
416,10538975
417,2090496
418,31695
419,1439332
420,94486
421,121796
422,2090449
423,563232
424,3945270
425,235929
426,934403
427,46073
428,380748
429,11649372
430,2090473
431,3549973
432,10363982
433,3959028
434,288205
435,1361922
436,6698083
437,133417
438,3404750
439,113475
440,24752
441,593373
442,4776277
443,712112
444,1350612
445,2853475
446,453424
447,2686920
448,1055704
449,8067955
450,6070699
451,2134915
452,5241643
453,231136
454,156745
455,4239554
456,500525
457,7255291
458,473984
459,9978423
460,10845101
461,42779
462,9779899
463,607616
464,296115
465,37753
466,36697
467,1280029
468,155049
469,3220394
470,177014
471,1361918
472,4509989
473,2621449
474,577121
475,79284
476,10022238
477,450940
478,722460
479,303045
480,931
481,2579320
482,172268
483,405966
484,3470612
485,4373563
486,1719742
487,122351
488,1894850
489,7543065
490,93448
491,364143
492,2090465
493,64159
494,7535645
495,6336330
496,215132
497,3605985
498,598768
499,6279362
500,8852481
501,5155082
502,12116263
503,1565492
504,2353222
505,517227
506,768992
507,5842150
508,209571
509,173376
510,30521
511,7622
512,1930905
513,3003
514,1418
515,3647694
516,7801827
517,29632
518,160537
519,190469
520,1004521
521,59577
522,616972
523,5625837
524,11525948
525,11901243
526,4008562
527,2577564
528,619998
529,170491
530,10906505
531,214434
532,10866825
533,3509776
534,3313889
535,152693
536,1859738
537,477870
538,541359
539,1986874
540,4798098
541,38955
542,1181546
543,3780640
544,1361921
545,1716962
546,1776126
547,1864155
548,152315
549,385210
550,493887
551,6319544
552,163691
553,3923221
554,1362375
555,1464434
556,2090459
557,5268898
558,470628
559,1362414
560,1494681
561,7926894
562,2291768
563,86810
564,1361920
565,10972360
566,12412672
567,635178
568,4319885
569,117002
570,1100776
571,1362376
572,6210061
573,8776588
574,3850926
575,12301
576,40925
577,1510081
578,93384
579,18748
580,225164
581,10118693
582,1890824
583,3811568
584,248462
585,2676
586,521230
587,6598775
588,3456790
589,533247
590,10924913
591,425181
592,22651
593,517229
594,63610
595,4501075
596,671449
597,9779674
598,9164903
599,6885
600,236655
601,8911181
602,1494669
603,12730
604,1012681
605,1698465
606,2090511
607,11152987
608,3277077
609,2859126
610,80144
611,20092
612,1193927
613,5936875
614,3229953
615,401342
616,233290
617,1195419
618,5273723
619,2167569
620,13625344
621,293647
622,1338215
623,143220
624,10873229
625,4328426
626,50897
627,236375
628,3854328
629,471259
630,138352
631,6093
632,306101
633,214070
634,2174476
635,1473799
636,1025866
637,389833
638,148512
639,12122788
640,1782906
641,4097441
642,122796
643,1911
644,552760
645,60941
646,255972
647,11912587
648,560627
649,7984
650,460315
651,325226
652,1362415
653,254867
654,41747
655,10725728
656,2118798
657,4623033
658,1686037
659,15974
660,4773413
661,2538559
662,10158513
663,3757719
664,1928140
665,480400
666,1256802
667,8333867
668,16134
669,2741919
670,500564
671,425721
672,3866592
673,9741880
674,604463
675,3725964
676,1364917
677,684770
678,7999
679,3330234
680,1843448
681,596475
682,1362378
683,164980
684,8544679
685,1154121
686,283599
687,4328228
688,4971721
689,14056
690,24292
691,5795669
692,5234540
693,3950434
694,841497
695,3360870
696,24298
697,492248
698,428700
699,2828228
700,39973
701,616557
702,4000384
703,75910
704,6465
705,1520625
706,5325071
707,4878672
708,7774525
709,268598
710,6935427
711,18994
712,6010366
713,7192010
714,251807
715,2738916
716,7581671
717,5241426
718,7091
719,2174497
720,33144
721,1014858
722,1375141
723,45353
724,4306153
725,246613
726,10135459
727,84687
728,549
729,369280
730,85996
731,7201903
732,863871
733,1494701
734,1281313
735,4328550
736,12517514
737,109868
738,188265
739,10108761
740,5983171
741,57622
742,5812366
743,179854
744,2792357
745,150258
746,143432
747,118518
748,179032
749,4683279
750,545322
751,19266
752,6963297
753,1407374
754,41037
755,528981
756,1583069
757,6874637
758,26699
759,4471530
760,1593047
761,1906228
762,6430959
763,7197
764,11751
765,238594
766,178807
767,55650
768,4650924
769,8643313
770,3140279
771,1243053
772,25483
773,74425
774,309938
775,3592728
776,5020631
777,2107185
778,1986877
779,33060
780,2817335
781,299228
782,597915
783,1933654
784,11325408
785,4328545
786,5205061
787,262918
788,268597
789,1058980
790,360191
791,241996
792,177810
793,1724867
794,24290
795,289238
796,7289989
797,33029
798,2825301
799,5225809
800,1009609
801,11148
802,3330792
803,480935
804,86297
805,380397
806,3338104
807,12699
808,9363793
809,9706806
810,29996
811,646847
812,78617
813,369958
814,2252230
815,12905474
816,4091254
817,2089961
818,414706
819,149097
820,224338
821,1494700
822,7213397
823,4105674
824,3543082
825,16626
826,85760
827,192540
828,2654144
829,5658111
830,9518032
831,10868962
832,212826
833,18032
834,56481
835,43305
836,1362380
837,7362150
838,667204
839,1362417
840,9321236
841,331991
842,1351232
843,226458
844,369021
845,592112
846,27722
847,620431
848,13608724
849,1082537
850,10657992
851,415093
852,2191138
853,5283870
854,3811692
855,215977
856,3985275
857,3130015
858,385709
859,9716949
860,4369
861,7998
862,8862449
863,34724
864,138841
865,1194225
866,1243939
867,2665852
868,7614104
869,264466
870,6371875
871,178927
872,359568
873,8949985
874,367700
875,1367697
876,6214445
877,542820
878,469406
879,287608
880,80388
881,556728
882,126491
883,319996
884,315344
885,99236
886,5655411
887,1626526
888,78106
889,3207432
890,81216
891,7952095
892,12035953
893,1663111
894,2003533
895,6441973
896,14549
897,1952748
898,114603
899,476479
900,7731304
901,2186202
902,4619564
903,47876
904,584708
905,7785838
906,2738880
907,351406
908,4857854
909,4184398
910,235876
911,16088
912,3947808
913,621279
914,1563469
915,1959925
916,420185
917,934056
918,46831
919,12002574
920,2106790
921,9780042
922,72052
923,31999
924,333422
925,28005
926,601019
927,7619055
928,1362381
929,4314016
930,517228
931,467240
932,10596408
933,34747
934,449421
935,1506861
936,2562962
937,4307149
938,208159
939,4454521
940,18090
941,3804653
942,7083940
943,6983095
944,5160620
945,163760
946,11916022
947,6567476
948,291553
949,7445138
950,14426
951,198654
952,214832
953,448902
954,9782653
955,95063
956,558923
957,100309
958,277956
959,51766
960,117515
961,12698569
962,4328546
963,163344
964,32980
965,49198
966,2786914
967,5952778
968,1350607
969,248723
970,3442773
971,2245234
972,130457
973,5010876
974,682986
975,38049
976,6269267
977,2133448
978,294329
979,4656833
980,34387
981,190601
982,4481
983,1049851
984,546773
985,316347
986,257783
987,2663131
988,892968
989,13121043
990,655833
991,166525
992,1652488
993,115346
994,53117
995,12458280
996,8633154
997,12071761
998,5387877
999,272987
