id,name,actor_id,count
0,brotherlogic,5978,13790
1,miki725,932940,531
2,mikedidomizio,5728044,897
3,Renovate,4343120,1
4,shiatsumat,529217,351
5,wti806,32399754,10
6,ramya-rao-a,16890566,6173
7,yu199195,9673503,4818
8,erlepereira,359417,0
9,leocwlam,35342488,30
10,ericchiang,2342749,617
11,SamHames,8400977,283
12,tkishel,1613311,533
13,DavidS,6697159,49
14,normj,1653751,1750
15,tschaub,41094,3055
16,wuxudong,26275031,0
17,siddontang,1080370,110
18,amyadzuki,31188054,0
19,thomasp85,1775316,1683
20,y-takey,1817802,413
21,corinnekrych,1395710,1
22,fabric8-cd,26630553,0
23,raipc,2247781,511
24,rodionos,2098022,712
25,cbrevik,4932625,1721
26,robinmanuelthiel,5874465,594
27,nicholas-codecov,105234307,0
28,Jesper Lekland,10115896,11
29,GSadee,6140884,4395
30,s0md3v,26716802,445
31,codecov-io,8655789,65040
32,ralphbean,331338,451
33,ChShersh,4276606,1609
34,Slok,91879110,1
35,nitzanj,1670108,136
36,erikandre,4519148,7
37,Facebook GitHub Bot,6422482,166269
38,duncdrum,6205362,2464
39,snyk-bot,19733683,519896
40,chuanshuoye,4725224,98
41,SamVerschueren,1913805,944
42,mfehr94,14167832,758
43,jonathanswong,34286815,34
44,rhelmot,2498805,2119
45,redgeoff,3378986,1985
46,dependabot-preview[bot],27856297,7569808
47,jsemler1969,1605855,0
48,ihacku,2731416,54
49,jancajthaml,2333883,5751
50,xh3b4sd,552769,6267
51,joelrebel,1710121,229
52,yangjianzhou,4621041,164
53,Kiikurage,3253117,322
54,Zales0123,6212718,2273
55,HazAT,363802,1242
56,kkoumantaros,2379008,35
57,wnxn,13119696,0
58,vincentfretin,112249,1254
59,agelostsal,15677505,493
60,DvdMgr,2565129,295
61,Jaumard,2970449,1081
62,ezrobot,681611,14
63,rasmuserik,496937,29
64,ElRaptorus,15343316,138
65,Mosquito,792981,1575
66,aokumasan,8992675,434
67,snoyberg,49415,1831
68,thedrow,48936,2771
69,auvipy,6212603,5177
70,Decadence,43277162,29
71,cmswalker,8467234,1
72,alvarotrigo,1706326,927
73,syndbg,6031925,476
74,Kenta Iwasaki,8392982,0
75,hSaria,34197532,492
76,scottbedard,7980426,922
77,Leonya Ivanov,4691018,0
78,Hypnosphi,6651625,800
79,wonderflow,2173670,10469
80,s-nakajima,4422735,1738
81,Hibernate CI,4276295,209
82,gsmet,13350837,440
83,jmrodri610,51442340,54
84,faiface,3924105,44
85,matfish2,1510460,335
86,ClaraBuettner,22964326,1355
87,Doug Martin,112938,1592
88,ai,17572232,16
89,daviscabral,4285,25
90,vieron,43971,61
91,tophsic,930980,10
92,sabas,1304918,55
93,Ståle,54276199,107
94,VesnaT,11465003,488
95,sfriedel,520864,508
96,Chris Ramón,1000404,161
97,ZachiNachshon,24696487,431
98,bootstraponline,1173057,1069
99,marijnh,144427,4654
100,visualfc,714279,1877
101,mhchia,8223657,280
102,revolunet,124937,7368
103,dingo-d,8638515,3299
104,mhallin,439202,21
105,nuxZERO,2638321,595
106,soffchen,891708,218
107,Bryan Apellanes,943330,740
108,Kacper Madej,8960408,1108
109,cvasseng,1998167,26
110,sixer1182,15432768,525
111,kortschak,275221,2851
112,oberbichler,7000594,1111
113,gfinak,1385593,116
114,Mykola Mokhnach,7767781,8131
115,sawanoboly,272388,371
116,rikkola,331092,879
117,jcraigk,104095,1001
118,Arkounay,9340719,245
119,integrii,98695,836
120,shockey,680248,60
121,Googlebot,7505729,93
122,sequoiaat,20103264,0
123,dylan_DPC,12371125,2786
124,kinggoesgaming,15664607,111
125,bors,3372342,53883
126,LucasLorentz,2268284,347
127,ruimarinho,288709,572
128,Martin0809,7046201,3
129,cycjimmy,19383787,463
130,gbuomprisco,3512197,270
131,Ondrej Fabry,60961314,0
132,DjebbZ,77278,68
133,MortalFlesh,6317184,836
134,maciejtreder,15926528,46
135,Marjan Georgiev,8687,218
136,k8s-ci-robot,20407524,312670
137,tartley,137979,191
138,junderw,11246316,1610
139,nicolaasuni,1186996,1129
140,SML-MeSo,8614197,8
141,Tessel Bot,27792616,0
142,SMOKE,42789915,209
143,zsquareplusc,10556012,93
144,euvl,1577802,86
145,deepakkumar1984,6328361,212
146,davazp,265168,263
147,TastefulSamwise,88735872,2
148,Skyesx,13088346,0
149,dreampiggy,6919743,1075
150,bailantaotao,5364396,27
151,fooontic,12127740,86
152,cuining,32104475,0
153,ajayns,20743219,9
154,PabloGarcimartin,39849351,23
155,JimGreenberg,20466273,4
156,MindFlavor,431595,1226
157,italolelis,1108049,315
158,allencloud,9465626,445
159,genomics-geek,18250655,2243
160,ymmt2005,1461515,4086
161,vmarkovtsev,2793551,5899
162,amay077,401369,787
163,tomreid76,2379769,119
164,Anthony Bloomer,13507905,354
165,samussiah,5428548,474
166,eed3si9n,184683,4886
167,mikem8361,10454379,3585
168,garethahealy,8656974,1490
169,kazuki43zoo,5616270,596
170,ebussieres,10672519,80
171,jcfr,219043,4697
172,zreichert,2602509,0
173,msaps,3515448,63
174,shrektan,8368933,328
175,aelanman,12849618,216
176,Matthew Dolan,36856620,644
177,tobilg,1841985,192
178,PTaylour,3678476,12
179,matthewhanson,1416900,2113
180,gerhardsletten,63344,192
181,AVVS,1713617,825
182,jonobr1,220033,848
183,Frezbo,18496730,1845
184,maartenbreddels,1765949,3832
185,Michael  Aquilina,2650040,396
186,Rikki Gibson,5833655,4809
187,palewire,9993,5203
188,ljharb,45469,21398
189,stereobooster,179534,431
190,mikaoj,4034956,53
191,hamzahamidi,22576950,214
192,Francisco Maciel,6875606,176
193,jpw547,25092264,330
194,dmacthedestroyer,334661,25
195,dylans,97291,1680
196,haikuoliu,22357563,0
197,MattHodge,1966555,160
198,pmarks,4578188,21
199,johngian80,15965625,0
200,dipinhora,11946442,15
201,spartan218,11138603,0
202,bwbeach,603739,79
203,Tim Speed,1552848,6
204,Sean Hayes,9018048,0
205,chrismaddern and wessmith,1068437,112
206,gerkovink,6791208,448
207,Genevieve,19978780,0
208,derkan001,26153147,0
209,csrwng,5834976,2574
210,ParkMH,46748131,228
211,CLAassistant,11571300,76438
212,darrachequesne,13031701,3995
213,gustavosbarreto,86747,2867
214,cpu,29942907,42
215,Brendan Ward,3375604,1340
216,t-kelly,4837696,161
217,Dan Gamble,7152041,267
218,Mykola Varahash,6864532,43
219,Suzuki Shunsuke,13323303,13364
220,liabru,654420,427
221,Shouqun,101111,4
222,hadjipantelis,4099384,63
223,topepo,5731043,3611
224,mcdonc,125174,37
225,prescottprue,2992224,2692
226,Christina Kang,55770157,0
227,samedder,26749906,8
228,ericfischer,1951835,185
229,David Buschtoens,18025830,0
230,dfreeman06,6493354,242
231,George Papandreou,6232317,0
232,mschuchard,8029687,372
234,tnrich,2730609,1259
235,krystophv,187294,507
236,Oyed,853683,347
237,waigani,33275,28
238,emersonwood,13581922,3
239,Colin Marshall,4453733,9
240,tiggerntatie,343592,76
241,nazrhom,6810908,150
242,fzerorubigd,935155,111
243,Gir Gopherbot,47120306,0
244,SirePi,5575967,14
245,jamienoss,5013975,651
246,JoshKarpel,7133863,1457
247,comtihon,1421547,256
248,GermanBluefox,4582016,7076
249,wcjordan3,17496192,0
250,feltech,7827094,334
251,frankus,50842,427
252,Scrum,2789192,3315
253,heynext,13675762,160
254,norkans7,1040571,2361
255,sharafian,3362563,179
256,JC1738,3421783,12
257,taralx,1036808,175
258,ProbablePrime,8791132,680
259,Mogball,15016832,140
260,pstehlik,283913,2
261,manofstick,2093966,30
262,skempisty,10687488,84
263,mrmrs,1748143,62
264,Widdershin,398365,719
265,matzkoh,34151961,854
266,kashike,5474071,2566
267,sameb,2145042,16
268,Grofit,927201,570
269,OndraM-Kentico,15248835,1
270,jridgewell,112982,4225
271,jkasten2,645861,2474
272,WSMonkey,10532644,0
273,istarkov,5077042,184
274,Ntonio36,32229257,0
275,maxbrunsfeld,326587,1999
276,b4dnewz,29862596,17
277,anishkny,357499,585
278,Zalmoxisus,7957859,1
279,rnojiri,20427654,7
280,qoomon,3963394,1652
281,skarlso,182850,6008
282,Abhinav,1506174,7
283,johnstill,31938607,34
284,zachferland,1887967,980
285,"Spletzer, Ryan (RS)",1481108,120
286,annstriganova,20650874,6
287,sseide,5168949,363
288,jrburke,73359,0
289,Nihlus,2340428,1389
290,luchotc,11860076,655
291,rodri042,1631752,580
292,flbulgarelli,677436,1664
293,hanabi1224,6546635,3314
294,vkcn,28014592,2
295,Snakefoot,11509660,4858
296,Sebastian Wilzbach,4370550,96
297,Hackerpilot,1657783,15
298,FireController1847,16494272,338
299,Fent,40504459,22
300,wieslawsoltes,2297442,6005
301,cugini-dbx,41594004,0
302,greatislander,605361,7475
303,schlessera,83631,5537
304,jasonyin,22792959,0
306,peburrows,778,15
307,mattsb42-aws,23565203,87
308,bcomnes,166301,2277
309,futuregerald,23725114,233
310,chessai,18648043,1203
311,andrewthad,5332484,572
312,MabezDev,6977289,897
313,mauricius,7000852,303
314,Shesekino,1255387,69
315,csvenke,9643219,153
316,nkubala,5531168,1994
317,grant-d,10214147,5
318,jcdickinson,522465,150
319,jayudey-wf,4429043,20
320,3rd-Eden,28071,191
321,kvesteri,398714,207
322,johnduarte48,72709908,23
323,rdvelazquez,25244432,44
324,ztellman,31295,39
325,chrisdone,11019,485
326,pokoli,1160726,168
327,CFPBot,11428556,196
328,kataras,22900943,399
329,lucasvo,31727,610
330,hkethi002,15849861,30
331,justmoon,53233,11
332,CodyReichert,7034627,156
333,Shomron,12372234,3
334,jimmynotjim,1280430,114
335,gmyenni,2029124,744
336,wjgilmore,161522,150
337,kaczmarj,17690870,1170
338,ezesplit,41024946,0
339,patricioe,250893,30
340,estambakio-sc,31243790,89
341,dustinmm80,684459,6
342,sgnn7,175811,1777
343,tsloughter,36227,2070
344,andmos,1283556,719
345,arvenil,450355,210
346,ININ Transifex Automation,18683456,118
347,kkemple,3629876,381
348,dchabot,4429592,26
349,hhslepicka,8185425,2045
350,Rich Harris,1162160,5002
351,jpic,94636,489
352,wbhob,4442130,77
353,FezVrasta,5382443,1208
354,bdunne314,78010451,16
355,xz64,13723797,101
356,yoheimuta,1223268,480
357,timperrett,458,33
358,Szetty,9341214,68
359,cwtuan,3455798,96
360,pepyakin,2205845,2492
361,dazuma,8911,22349
362,0xfe,241299,2211
363,pravesh.a,52656267,141
364,afc163,507615,9049
365,RobinBuschmann,5270739,69
366,wkeese,69599,168
367,brianegan,126604,520
368,alexlamsl,1898413,4969
369,kood1,5826093,5
370,cblomart,3999494,482
371,martinRenou,21197331,7699
372,rejas,1313547,1865
373,mjpt777,760524,1813
374,roman01la,1355501,336
375,faizanahmad055,16718347,226
376,stakater-user,34711200,2437
377,thiagobustamante,10834356,64
378,g105b,358014,3091
379,tsurdilo,119422,4712
380,LuboTerifaj,12122769,141
381,Ivan Matkov,1836384,621
382,bitbager,28542010,2
383,zBritva,10897951,1255
384,vanniktech,5759366,1004
385,marc92w,9785789,34
386,GreLI,1467392,30
387,bjodah,485936,702
388,Valodya,9318170,12
389,rashmigs1993,20225151,2
390,Dmitry Doroginin,1129627,2
391,osherdp,7492909,6117
392,Derrick J. Wippler ( Thrawn01 ),9817,402
393,andresgnlez,999124,2069
394,phaazon,506592,2306
395,Daniel Nichter,1683183,78
396,acouch,512243,172
397,nathanbowser,203161,137
398,missinglink,738069,1837
399,vmx,42839,2784
400,achingbrain,665810,8786
401,bakoe,807665,54
402,holinnn,87913,5
403,unlucio,778799,72
404,AaronHForgeFlow,19620251,1078
405,bsnacks000,6597304,129
406,MidnightWonderer,7634596,89
407,bojeil-google,13474811,978
408,ngoldbaum,3126246,58
409,johnwmillr,4922761,72
410,javagl,5597569,1138
411,Robdel12,2072894,7420
412,Andrew Boyarshin,3063662,614
413,mungojam,3154635,152
414,hvanbakel,4130108,5
415,felixrindt,5970076,1770
416,ssm,63537806,0
417,ralphtheninja,308049,767
418,mafintosh,376661,1849
419,0xjac,2848217,40
420,gutschilla,1702431,28
421,yfinkelstein,166346,0
422,okartau,1035627,303
423,erikbarke,5539280,145
424,Tanc009,18569287,260
425,samhatoum,2021955,15
426,taflanidi,6849363,45
427,gastonprieto,770816,208
428,ARTEM FEDOROV,93124405,0
429,shi yuan,25971092,3
430,Chad Killingsworth,1247639,546
431,Jarun,55078014,31
433,foxriver76,25484431,3019
434,hippiehunter,624627,269
435,Akyoto16,21249115,0
436,timsuchanek,1094804,1112
438,wadackel,5393238,951
439,TylerCarlson1,6801536,97
440,riceric22,2140756,61
441,Matei Radu,1713151,190
442,Niko R,49258126,0
443,justuseapen,4587141,273
444,danwalmsley,4672627,3787
445,Feross Aboukhadijeh,121766,1293
446,messense,1556054,7760
447,Samuell1,3110002,399
448,Jaibatrik Dutta,1858403,190
449,pyup-bot,16239342,464399
450,mdantonio,12394806,4459
451,riccardonar,3142508,0
452,Cascades,5692370,161
453,chelm,351164,0
454,xudafeng,1011681,1426
456,ttacon,2548998,426
457,F1J1,47517967,0
458,JayVora-SerpentCS,5909386,264
459,jackzampolin,7452680,1775
460,Guilhem N,6871899,733
461,dr.dimitru,1686778,379
462,beanieboi,29251,422
463,gregsdennis,2676804,1750
464,phamtuan2993,26796108,28
465,avasquez614,1598884,505
466,Wolfy-J,796136,1569
467,poy,6554782,25
468,mweststrate,1820292,1761
469,jjd314,1295337,6
470,Boopathi,103738425,0
471,cekk,1402078,1781
472,lafita,11161522,82
473,Yannick Jadoul,8025744,1907
474,coelho,635360,35
475,Mahsaap,13688718,146
476,janeeisenstein,26661434,277
477,insomniacslk,2356960,970
478,vasili-v,3368552,34
479,sudip-aubergine,24352034,0
480,tonivade,4076036,1512
481,cpcloud,417981,10037
482,dbatiste93,54983661,0
483,Hironsan,6737785,1497
484,alixdamman,23628987,491
485,seejamescode,7519029,28
486,kb2623,7480221,173
487,Guewen,56108540,20
488,whulshof,11365289,154
489,sbidoul,692075,5329
490,leleuj,1038508,4429
491,juanlopez1,25489418,8
492,basvanbeek,7205296,336
493,Afshin,21095394,56
494,alandonovan,8433140,304
495,JGrund532,122171805,0
496,Chazeon,2217102,423
497,iocanel,402008,2087
498,dominictarr,259374,89
499,idubnori,22805312,34
500,Narr,1445566,110
501,NGlasl,3703500,72
502,Sambego,1453781,329
503,daybrush,3433062,1791
504,mjs,13098100,0
505,Davo36,8573616,15
506,abetomo,846454,1546
507,slimslenderslacks,1643888,2344
508,vaastav,6758381,147
509,fractalwrench,11800640,3457
510,andy_zhangtao,8232737,169
511,drapegnik,11758660,219
512,GlenDC,3900482,636
513,udlIco,46806643,0
514,lawder,5779071,25
515,Helow19274,20171143,31
516,python273,3097956,193
517,j0tunn,7701229,0
518,nange,2505751,108
519,Danez,231804,978
520,henrylee2cn,10174178,367
521,diasbruno,80586175,24
522,RichardKnop,2325888,99
523,DaveHunt,2530465,4
524,behrooz shabani (everplays),194719,0
525,tkruse,1525116,68
526,wilsonge,1986000,4060
527,swlkr,159336,526
528,dormando,66832,556
529,AkihiroSuda,3449668,0
530,senntyou,12265053,381
531,lamhieu-vk,9839768,89
532,maslianok,3485490,412
533,ashleygould,3268290,457
534,celandro@gmail.com,23535499,1
535,andrehp,5660895,0
536,bakape,7851952,648
537,stevepiercy,102112,1286
538,Jason Gedge,833576,204
539,Mirko Pagliai,293199,1253
540,SylwiaGargula,30501500,0
541,Julien MOLINA,8566695,173
542,Ben181231,3863953,125
543,LinusU,189580,2256
544,mindthegab,961272,111
545,jasonz1987,7090036,160
546,Dmitry Baranovskiy,22726,31
547,kiereleaseuser,5214823,170
548,Senyoret1,34079003,437
549,gz-c,26845312,90
550,smoench,183530,684
551,Mulugruntz,13810199,398
552,scottinet,12997967,934
553,cryptobioz,7858427,298
554,displague,317653,4699
555,kevinadi,12091467,19
556,Jeroen De Dauw,146040,2036
557,mwjames,1245473,0
558,gambol99,4280679,39
559,Calum Chamberlain,10913395,616
560,GordonTheTurtle,10620046,0
561,epheph,361654,473
562,BrockReece,8988409,521
563,brockpetrie,222849,0
564,brarcher,24749111,1
565,cosven,4962134,1137
566,mpsido,18638060,47
567,hanwen,44131601,36
568,mminns,815107,96
569,b4b4r07,4442708,113
570,j5ik2o,461711,4900
571,NOtherDev,1309057,71
572,epels,9115513,47
573,matkoch,65916846,3001
574,lock,11797672,5
575,kazuhikoarase,1137546,333
576,temsa,174621,3
577,timglabisch,689269,69
578,theofidry,5175937,1271
579,duergner,789266,1
580,danpersa,579158,11
581,gdementen,832092,627
582,dokato,4547289,643
583,mmoreram,521409,1571
584,the-redback,8487221,105
585,martin31821,5557633,639
586,seven1986,20808494,38
587,thomas-crane,16829717,68
588,tianxiaoliang,1610890,2285
589,tadashi-aikawa,9500018,1425
590,KyleAMathews,71047,2379
591,glennsl,5207036,475
592,shahidhk,4124733,64
593,abz53378,8848231,23
594,terrycain,1986397,536
595,PonteIneptique,1929830,1777
596,jayands,1018901,4
597,Songmu,177122,530
598,leonsenft,1916163,89
599,Gareth (nomiddlename),83909,47
600,1991wangliang,5245347,293
601,CarstenHollmann,4538033,1860
602,kumakichi,1632587,228
603,davidgoli,44666,69
604,thefliik,12599934,167
605,arolson101,5304092,33
606,9seconds,831613,825
607,anthonychu,3982077,1888
608,TheElementalOfCreation,24580325,340
609,phax,196219,4802
610,BasileNouvellet,24209524,105
611,youncccat,22574136,634
612,archerzz,10875799,8
613,themyth92,2434925,91
614,sdboyer,89193,1625
615,kevinburke,7193587,14
616,codingjoe,1772890,1983
617,Adhatama,4653421,32
618,zibs,1131641,47
619,javabrett,1103477,306
620,your-worst-taco,6944902,118
621,deviantfero,11150153,146
622,leemannd,3664638,776
623,AlCalzone,17641229,18862
624,astirpe,7657635,485
625,mariomka,1822472,104
626,lukasgraf,405124,1016
627,10-Mar,41663,411
628,elazar-lb,41578584,0
629,AvdLee,4329185,1091
630,Boris-Em,4613643,4
631,martinpaljak,46006,420
632,itkovian,196619,549
633,StefH,249938,3780
634,neargle,7868679,299
635,svenefftinge,372735,2338
636,kachick,1180335,3681
637,Yosua Hamonangan,31704256,55
638,obiot,4033090,460
639,hubo1016,14069404,4
640,louisgv,6723574,217
641,opichals,140211,121
642,3lvis-dev,45492995,16
643,benborla,22745294,29
644,mgravell,17328,1091
645,Nick Craver,454813,1836
646,zachborboa,1083146,517
647,zxol,6633859,31
648,NetanelBasal,6745730,2212
649,@bacardibryant,1616362,2
650,madskristensen,1258877,3503
651,AlanSl,29628323,192
652,SimonVT,549365,0
653,zombieJ,5378891,5855
654,adamkasprowicz,37408506,0
655,boxdot,3841359,789
656,yegor256,526301,5294
657,rultor,8086956,6583
658,Praveengostu,20697435,120
659,Amine Cheribet,7945706,28
660,matschaffer,690,1521
661,lckr,15931380,198
662,chappers,86856469,7
663,fpoli,97613209,0
664,Ilya Etingof,17447359,0
665,Akin909,22454918,5647
666,arnaudroger,6161581,10
667,Gerrit0,19329837,1812
668,Nicolas Grekas,243674,13506
669,Tobion,610090,580
670,fabpot,47313,13827
671,Leth,18567550,0
672,sushanthakumar,30930862,646
673,shytikov,1185905,133
674,RMeissner,50482279,488
675,Georgi87,259400,3
676,haraldk,570609,0
677,evilebottnawi,4567934,20955
678,MrSerth,7300329,1914
679,Mihai Tabara,103932,516
680,mrhead1,77598100,0
681,qvantor,9914154,11
682,gunnihinn,6123958,2
683,nbesimi,30319237,29
684,anistor86,25350726,0
685,amckague,32825127,0
686,AlekseyMartynov,4426185,238
687,prolic,394428,244
688,bwoebi,3154871,1300
689,kelunik,2743004,1857
690,troch,1777517,21
691,stefanpenner,1377,2295
692,SKalt,10438373,615
693,davetcc,12195465,1169
694,sarahvc,8569268,0
695,Roxana Muresan,18324464,0
696,scottgigante,8499679,1305
697,rdeits,591886,448
698,pfitzseb,6735977,3763
699,annekainicUSDS,25183456,0
700,dhmlau,25489897,1309
701,jbsmith7741,6434838,296
702,basst314,21039732,98
703,pvanlaar,22322118,79
704,timpalpant,814226,23
705,Vorce,983376,497
706,aviau,2706882,1760
707,Michael Stapelberg,55506,2542
708,nicoddemus,1085180,5211
709,Ronny Pfannschmidt,156838,3207
710,clarsonneur,6049591,20
711,ekaterina-nbl,26255813,0
712,poveden,4258778,335
713,pveentjer,105243,360
714,devOpsHazelcast,7523732,2107
715,dtantsur,531923,2447
716,blink1073,2096628,9528
717,lserwatka,130489,1062
718,TJ,5831795,0
719,mmews-n4,20560257,1076
720,tmortagne,89175,2289
721,Propanu,5123898,17
722,asaskevich,5049590,31
723,clayreimann,930039,122
724,niksy,31551006,7
725,sleto-it,31849787,0
726,Victor804,23637570,12
727,amymcgovern,13527840,22
728,rsolorzano2410,36855088,1
729,Jtuttle123,17869264,0
730,dceejay,5375409,1692
731,mbjoseph,2664564,476
732,k1LoW,57114,3948
733,amasad,587518,13
734,EgorBo,71889244,0
735,mmatczuk,1617930,5865
736,yoshoku,5562409,606
737,j0k3r,62333,5557
738,jc00ke,18191,689
739,b3nl,1861864,201
740,mbacovsky,1648174,0
741,kidpixo,2255209,35
742,Xonshiz,13240567,464
743,darodi,4682830,103
744,dsanchezseco,20790609,101
745,jzaefferer,52585,102
746,sernst,451936,137
747,davidcassany,6428768,1949
748,Karamuto,21356750,0
749,ajdapretnar,12524972,1337
750,jwinzer,20415092,54
751,FinnStutzenstein,8439581,3578
752,Norio Nomura,33430,723
753,viljamis,671836,66
754,Unknwon,2946214,5561
755,martincostello,1439341,12928
756,brennerm,5527832,1887
757,hutnikau,11025793,2011
758,brandonocasey,2381475,2854
759,jechols,2157974,830
760,niksajakovljevic,3705942,140
761,mjsalinger,2452620,30
762,czyzby,11707612,626
763,sf105,141017,7
764,Tumbarumba,111768,21
765,jimlambie,116263,56
766,henriquenfaria,1030977,60
767,samtstern,8466666,4631
768,master-atul,4029423,962
769,nschonni,1297909,8541
770,edre,26247084,0
771,monsieurtanuki,11576431,2752
772,spyhunter99,1975321,122
773,Brian Brazil,7115638,870
774,GabLeRoux,1264761,1180
775,anselmbradford,704760,2841
776,contolini,1060248,556
777,irevirdis,39519913,0
778,otaviojava,863011,1573
779,commenthol,2604482,1145
780,Oleksandr Pavlyk,21087696,2592
781,filipw,1710369,1373
782,khellang,582487,763
783,Hynek,15933988,40
784,tjwp,1476506,398
785,vrana,31705711,0
786,soumak77,10901035,0
787,willprice,966205,1079
788,Miha Stopar,2494901,349
789,walkermatt,600349,146
790,jonataswalker,10571881,151
791,Waylan,39176203,33
792,Amaimersion,20613502,240
793,JDufresne,6364601,0
794,bobdenotter,1833361,4082
795,eruiz,9595634,24
796,maffeyl,31329104,1
797,reckart,1410238,7217
798,manu-cr,23315741,719
799,MscrmTools,10774317,880
800,sonaye,23000873,1
801,nfriedly,114976,1481
802,marionebl,4248851,140
803,Mmdixon,1692726,63
804,javan,17673316,0
805,Akhila Raju,5432198,0
806,mkaz,26167639,1
807,joker234,2878899,1440
808,Mona62,26553339,3
809,zorkow,5717215,2531
810,kvark,107301,15982
811,rgritti,13523966,0
812,Lenka42,11856139,118
813,veronikaKochugova,22114771,12
814,jamescryer,217893,0
815,travix-frontend-services,36265597,0
816,waseem-h,34707418,925
817,brentvatne,90494,6454
818,zonyitoo,1067951,2253
819,SevenTiny,22442935,162
820,bdwain,3982094,336
821,Mitko Tschimev,988473,130
822,djzager,569754,1619
823,muan,1153134,256
824,jpichon21,26654868,23
825,trevorstephens,5210848,67
826,wulfihm,9419801,166
827,AxicBlack,98476900,0
828,samdark,47294,14320
829,Etix,18634851,28
830,DevYukine,20647088,400
831,XhmikosR,349621,18364
832,Jan Ouborny,12223382,4
833,vladikoff,128755,798
834,Fagner Martins Brack,835857,48
835,karmi,4790,160
836,Webdown404,3603494,362
837,holgerd77,931137,4054
838,dmarcuse,5429337,44
839,c0gent,2916797,0
840,xliiv,298994,199
841,deargle,1174653,1029
842,jakirkham,3019665,9564
843,desilinguist,161680,1075
844,slnode,3865961,7
845,diegoazh,10166935,469
846,StrahilKazlachev,5302492,0
847,bigopon,9994529,2291
848,LordMike,10686561,247
849,jfitisoff,4282842,0
850,brianhie,6365340,215
851,yoavaa,1107239,40
852,TysonAndre-ContinuousIntegration,20032915,0
853,edjubuh,5461357,8
854,arcondello,8395238,2734
855,nikolaiwarner,40796,157
856,noffle,489362,419
857,MurhafSousli,8130692,827
858,hunterlong,7519499,155
859,mikery,21296639,2
860,Romaric Juniet,11988817,1
861,philips77,6576580,1780
862,coreosbot,6148850,867
863,RPhillips,10404200,0
864,Alexander Tarmolov,366419,2
865,lemmy,1437960,9
866,francoispqt,24575934,2
867,Mads Hartmann,83561,804
868,mharista,22682817,190
869,deepu105,1107223,1916
870,aldeed,3012067,356
871,ARyaskov,3934848,21
872,Fonger,5862369,72
873,vkarpov15,1620265,5787
874,ToniA,2128464,70
875,segiddins,1946610,901
876,chhsiao90,10794200,808
877,randy3k,1690993,2361
878,Azuka,129810,82
879,dchandekstark,137925,108
880,jeremyf,1428829,30
881,Ocramius,154256,6563
882,atian25,227713,1143
883,sdkottegoda,1330107,553
884,wsmitchell3,21226839,0
885,AusIV,977954,881
886,leblancfg,15659410,269
887,dnalborczyk,2903325,1014
888,Grinnz,5769356,1659
889,synzen,18688793,794
890,grelleum,7890901,34
891,jdalton,4303,678
892,malakaganga,8380732,189
893,DG,15857889,35
895,glguy,12164,1744
896,pcarranza17,61201730,15
897,davidtheclark,628431,108
898,VladimirTechMan,1228301,1
899,lavrton,1443320,1334
900,ear7h,23175084,399
901,tGdey,25130963,0
902,phillipj,1231635,569
903,redboltz,275959,1482
904,jfcabral,1048422,54
905,Onno-Dirkzwager,25722948,191
906,Brahim Arkni,6888059,1
907,tterb,16360374,599
908,bnaras,3030361,408
909,alexsavio,2472076,132
910,garygreen,1702638,117
911,cferdinandi,1724852,1517
912,EthanEChristian,3660185,40
913,mrrodriguez,3483575,27
914,WilliamParker,5178123,42
915,xdumaine,833911,261
916,matthiask31,55812743,75
917,alloy,22731000,150
918,tagliala,556268,4912
919,robmadole,132895,283
920,michaelplews,14098929,0
921,alejandrogallo,12715358,706
922,zAfLu,6201114,1
923,larskanis,176234,1241
924,linyows,72049,553
925,aswanipranjal,9946566,18
926,valeriocos,6515067,43
927,ShelbyZ,1033099,11
928,dkundel,1505101,887
929,zhi1ong,6677909,173
930,kamijin_fanta,1541187,260
931,astefanutti,366207,3268
932,betatim,1448859,1137
933,AThornton,42791680,12
934,sebcrozet,1734958,2106
935,mengxiong10,14135808,335
936,Rocha,14887553,7
937,dsmjs-bot,30166654,0
938,Ratson,2682937,1624
939,Tal Amuyal,5097613,60
940,Darenju,1096215,111
941,blacktop,6118188,2589
942,weppos,5387,1242
943,kazuyaujihara,18364688,215
944,JohnMay,49681154,0
945,mcollina,52195,15399
946,peter279k,9021747,4922
947,Mosen,316108,220
948,johnharris85,746221,191
949,michalkowal89,53707338,0
950,Mesqueeb,3253920,1952
951,Achille Roussel,865510,1021
952,joni2back,2049935,16
953,SKaji,77038777,0
954,cabauman,6819362,202
955,JiaLiPassion,1442575,455
956,brandonbloom,119164,2534
957,ayiemba,7754523,3
958,uwolfer,2202,213
959,cheton,447801,2335
960,iawia002,9134003,799
961,hachi8833,4289625,398
962,Sam Saffron,5213,2437
963,vThaian,6594923,85
964,aheckmann,166834,616
965,gillesdemey,868844,630
966,CaoZhongZ,3340204,104
967,Drenn1,3671681,131
968,asciimoo,20240,219
969,WasabiFan,3310349,410
970,j9ac9k,646398,3847
971,GrahamCampbell,2829600,5578
972,asifdxtreme,9736066,734
973,serhatbolsu,7917050,99
974,izeye,1059363,2126
975,dyu,79355,196
976,beardedeagle,4712757,163
977,braegelno5,1862325,0
978,tranchitam,7502937,0
979,TheXDS,20650205,298
980,Apisit,31315269,0
981,CatBro,41697002,5
982,adamrauh,990177,53
983,markmfredrickson,98178,11
984,ndbroadbent,139536,416
985,ychin,1217449,168
986,SpaceHexagon,8549123,27
987,Einenlum,5675200,164
988,antonmedv,141232,3463
989,kaatzee,2965012,0
990,etorreborre,10988,698
991,ParallelTask,7329450,15
992,Breakthrough,6321761,0
993,losfair,6104981,1407
994,Itamaro,89148288,0
995,tsimbalar,160544,1072
996,Samuel Jirénius,27049611,230
997,Jacse,3637499,33
998,Yomguithereal,2571951,3685
999,Civil,5031856,46
1000,mtesseract,11915663,11
1001,PascalSchumacher,2707245,229
1002,Vadeg,5587834,1171
1003,Motin,793037,1726
1004,mdh67899,8528207,28
1005,nl5887,3748903,223
1006,ShMcK,4660659,504
1007,ofernandezcr92,2318927,1
1008,Sander 3,6495524,0
1009,doom369,1536494,748
1010,shred,54241097,108
1011,nschloe,181628,13067
1012,siu,5752707,65
1013,guanqun,53862,396
1014,sunng87,221942,1553
1015,yuripourre,1824878,1571
1016,Suremaker,1894621,271
1017,webberig,3446164,201
1018,rpearce,1383657,0
1020,Adrien Grsmto,527559,180
1021,zramsay,8304391,56
1022,Liamsi,7441766,4686
1023,ukstv,193527,3103
1024,mariusvniekerk,73973,1790
1025,vrom911,8126674,1279
1026,vcaesar,16043470,923
1027,Herpaderpaldent,6583519,2655
1028,nol13,686574,117
1029,dlew,83472636,2
1030,seregazhuk88@gmail.com,9959761,129
1031,oxinabox,5127634,7341
1032,bdunks,8967939,19
1033,JonGilmore,7232986,299
1034,thecynic,1508401,13
1035,Varorbc,5714438,374
1036,Andryu,5056254,0
1037,fleaz,2489598,364
1038,reneeotten,12177696,4977
1039,davarravad,12216243,0
1040,jorgenhenrichsen,8903533,15
1041,j-rewerts,8295080,59
1042,mpostol,11937915,2000
1043,KiChjang,3248587,2447
1044,bors-servo,4368172,6600
1045,francoischalifour,6137112,3521
1046,pravic,724639,470
1047,sloria,2379650,1955
1048,termoshtt,1238153,2202
1049,fortytw2,10286538,53
1050,geek,53514143,0
1051,Marsup,796194,268
1052,markusenglund,22945927,43
1053,halverneus,10501044,78
1054,scls19fr,109167,309
1055,LucasBadico,16516889,152
1056,JeskewNKC,32969486,0
1057,hdorgeval,9698924,1093
1058,Carreau,335567,5729
1059,Cowtowncoder,55065,6658
1060,gen0cide-,1515437,4
1061,plutov,1124859,190
1062,webbcam,6239509,2
1063,dgw,164140,2428
1064,Nadar,36910380,0
1065,yutopp,219797,499
1066,josemduarte,6000474,699
1067,gmf520,3930317,418
1068,bluebill1049,10513364,9689
1069,TORISOUP,861868,37
1070,neuecc,46207,1077
1071,njwest,3742496,135
1072,NekR,1189265,40
1073,shogo4405,810189,859
1074,keyki,2330520,1400
1075,ernscht,149406,534
1076,Silverwolf90,1631625,48
1077,lodin,136000,16
1078,dingelish,1870436,249
1079,BuZZy1337,6979405,0
1080,rtfpessoa,902384,1010
1081,kylegach,486540,616
1082,foxdonut,1706600,468
1083,orenyodfat,5994398,257
1084,rchl,37848136,0
1085,aaronshaf,122654,72
1086,rmarren1,10272301,0
1087,T4rk1n,9417722,516
1088,valentijnnieman,6509622,0
1089,olofk,31624827,48
1090,ctalkington,209757,1861
1091,mvdnes,1009841,25
1092,suminb,136119,230
1093,andryuha49,7173816,25
1094,mudassir0909,1861842,50
1095,dbfannin,15847407,23
1096,ghackett21,10699351,0
1097,gjunge,194466,23
1098,xmorera,7174278,30
1099,oskarrough,184567,626
1100,HarveyKandola,971717,96
1101,krzkaczor,1814312,2758
1102,Afterster,2251352,31
1103,germanattanasio,313157,56
1104,Watson Github Bot,17691144,544
1105,yowainwright,1074042,3399
1106,refractalize,123917,75
1107,asottile,1810591,27188
1108,zakird,201296,405
1109,manast,95200,2769
1110,sindresorhus,170270,21044
1111,sheppard,1863675,631
1112,klzns,284515,1379
1113,tomaka,1412254,7187
1114,geoperez,1775792,1835
1115,itsachen,666310,3
1116,Erdi,10568223,0
1117,andyjansson,1737375,36
1118,HotelCalifornia,6646541,451
1119,jasl,1024162,2007
1120,danaugrs,5261448,802
1121,LiamKarlMitchell,1968109,138
1122,arobase-che,2202307,22
1123,wooorm,944406,11217
1124,hartzis,5378707,205
1125,dozoisch,4422516,140
1126,Brian Nguyen,7258846,0
1127,Dmage,2006159,1
1128,bparees,4974046,2864
1129,openshift-ci-robot,30189103,90220
1130,MilesMcBain,9996346,1130
1131,Di Di Di,5919426,0
1132,benjamin-bader,512212,704
1133,jkelvie,17267,237
1134,Gregory Oschwald,278835,2153
1135,CarlHugo,17781764,19
1136,rodjek,80629,4
1137,dburkhardt,8322751,638
1138,adamruzicka,7326770,3804
1139,bpodgursky,706280,1
1140,smysnk,1548173,99
1141,jcornell123,8047490,2
1142,nathandunn,751274,1492
1143,ndpete,4553244,25
1144,tjcelaya,1973223,11
1145,jonschlinkert,383994,685
1146,Leko,1424963,1997
1147,greenaddress,5269298,101
1148,romanz,2334417,4
1149,ericholscher,25510,3660
1150,ozanuykun,10811234,0
1151,jettify,223335,1535
1152,ahhh,836166,301
1153,JohnTitor,6999143,0
1154,DimaLiLongJi,26239802,69
1155,Glenn Matthys,3098010,17
1156,Kukks,1818366,2681
1157,NicolasDorier,3020646,4306
1158,michaelborchert,1198287,68
1159,linvi,6107439,67
1160,Michael Ketting,6972548,4472
1161,stephenmcd,116385,45
1162,mohamedHcodes,71350735,0
1163,bendrucker11,93153248,6
1164,DeniseWalter,31743831,0
1165,psycho-ir,726875,260
1166,Maryom,3218401,72
1167,sonota88,54483,685
1168,nblock,131119,51
1169,nickhingston,866805,196
1170,sanjid133,8883158,19
1171,vlad-km,26150554,370
1172,theotherphil,1974256,149
1173,yanaga,505867,8
1174,javierbrea,983381,2312
1175,abourget67,16720535,0
1176,piranna,532414,1118
1177,bidhan-a,5824659,144
1178,Ubergesundheit,1494211,9118
1179,lnemsick-simp,20050954,4104
1180,arnoegw,37290325,65
1181,kporras07,2217820,8674
1182,tbaliance,31361822,0
1183,kcooney,21297513,0
1184,maier,489871,926
1185,dblock,542335,10861
1186,sangleganesh,13683186,23
1187,plouc,501642,769
1188,janvanrijn,2292730,272
1189,michaeldwan,5628,951
1190,ktsn,2194624,262
1191,jmank88,1194128,2014
1192,KeithWoods,2853674,268
1193,ferd,5238339,0
1194,namuyan,19928816,64
1195,close2tristan,30103729,0
1196,westurner,50891,661
1197,dstufft,145979,47
1198,JohnnyCrazy,3109892,449
1199,juanpicado,558752,5734
1200,BufferOverflow,61083458,50
1201,talbright,212177,26
1202,dantleech,530801,6032
1203,kachayev,485647,369
1204,matsuo,81351938,244
1205,harlow,53092868,2
1206,antonybudianto,7658554,432
1207,stiano,570600,48
1208,Sergei Startsev,748074,32
1209,tejainece,2513673,447
1210,VLSI,68586557,30
1211,Prytoegrian,5312739,22
1212,wouldsmina,12614881,150
1213,nao-pon,1412630,617
1214,fengmk2,156269,2014
1215,macdonst,353180,1677
1216,FlorianWilhelm,3184072,1493
1217,abravalheri,320755,3029
1218,BernardoMG,11138222,34
1219,deanmarchiori,9559770,36
1220,adamhsparks,3195906,2726
1221,Taras,741948,0
1222,WebReflection,85749,3284
1223,wasabeef,1833474,758
1224,Felix Gail,20506647,76
1225,olimpias,8377642,65
1226,istio-testing,25311884,57002
1227,Dsander2000,94129781,0
1228,czystyl,10349378,44
1229,Cadene,4681518,10
1230,sheerun,292365,737
1231,herom,648850,9
1232,sorawee,9099577,1212
1233,mmatloka,82916,12
1234,jiwen624,14141331,110
1235,rodrigograca31,1134310,80
1236,AnthonySteele,104187,29
1237,slang25,1341446,565
1238,Trevor Farrelly,8883042,1
1239,guillermooo,684948,0
1240,itajaja,697647,560
1241,JacquiManzi,4119615,9
1242,tyrannosaurus-becks,1152361,106
1243,miloyip,1195774,276
1244,nhumrich,4661889,86
1245,ggarnier,86251,59
1246,WalternativE,5071748,327
1247,openshift-bot,1779249,227308
1248,hashibot,26720499,17
1249,kubevirt-bot,25687724,74689
1250,caicloud-bot,14260140,873
1251,ForbesLindesay-Bot,19622210,319
1252,reconbot,25966,2289
1253,nfbot,25073645,11528
1254,OctokitBot,33075676,2218
1255,semantic-release-bot,32174276,18
1256,Atomist Bot,22344579,80
1257,cbot83,35348171,60
1258,Netty Project Bot,78738768,742
1259,i-like-robots,271645,443
1260,jetstack-bot,32282838,9781
1261,OmniSharp Bot,16035968,68
1262,LucasDanBot,72525638,56
1263,libotony,8411962,1177
1264,Bot_dep,47267984,66
1265,greenkeeperio-bot,14790466,0
1266,RabebOthmani,5781590,29
1267,oclif-bot,35625753,28
1268,kissaten-bot,34637076,0
1269,mrjonesbot,968057,234
1270,olgabot,806256,443
1271,jekyllbot,6166343,772
1272,renovate[bot],29139614,7623998
1273,forge-bot,5436336,0
1274,soloio-bot,6037839,1
1275,Shaka Bot,13107131,724
1276,@qiwibot,39481304,3734
1277,oca-git-bot,8723280,43226
1278,Monty Bot,27977590,3895
1279,Electron Bot,18403005,6458
1280,OdysseusBot,61591788,0
1281,travi-bot,24909547,1
1282,Violinist bot,27495990,18332
1283,AtlasTheBot,15206032,104
1284,Knative Prow Robot,41213312,63649
1285,bootstrap-vue-bot,5158436,8506
1286,knobotz,30328334,4
1287,msftbot[bot],48340428,231625
1288,edX requirements bot,49161187,7457
1289,owo-bot,148100,0
1290,prombot,18470668,1078
1291,form8ion-bot,49330085,0
1292,ericbottard,313494,151
1293,JamesBotterill,30122567,2
1294,Kyma Bot,40893967,53488
1295,wmfs-bot,40661319,6111
1296,ApplozicBot,11742961,439
1297,GPII Bot,20344339,0
1298,dabbott,1198882,2225
1299,jeffreymkabot,11577408,2
1300,Vaadin Bot,20280877,24838
1301,pouchrobot,33292901,0
1302,Jujubot,7779494,2352
1303,dxrobot,15012371,1565
1304,sacloud-bot,33747329,25
1305,bottlenecked,622973,52
1306,AgoricBot,48730257,135
1307,warmrobot,90591,3
1308,generic-probot-app-workflow[bot],43865828,0
1309,BloggerBust-bot,49025520,1269
1310,cristianbote,3405161,1367
1311,gain-bot,24396625,732
1312,bbottema,2115718,611
1313,Staffbot,42633137,86
1314,Sisu Deploy Bot,114116432,0
1315,jesusbotella,4319728,223
1316,guillebot,1145561,68
1317,ninjarobot,1520226,1547
1318,kubermatic-bot,41968677,35947
1319,"Jeremy ""TheHipbot"" Chambers",1820334,0
1320,ladybugbot,38131342,463
1321,mainio-integration-bot,47661511,136
1322,toptal-davinci-bot,50379318,0
1323,TurekBot,25108287,150
1324,zaripych-bot,46615020,5
1325,boenrobot,1029536,36
1326,eclipse-milo-bot,48804891,37
1327,wbotelhos,116234,175
1328,KarishmaBothara,29415595,2429
1329,sarbbottam,949380,9
1330,rails-bot,7468109,0
1331,ebot1234,27324247,34
1332,cjbottaro,10292,164
1333,magic-mirror-bot[bot],107957005,0
1334,foxbot,6928162,12
1335,imVisBot,109561459,0
1336,nemobot,12641142,98
1337,BotKitty,9050332,0
1338,TheAIBot,11037507,315
1339,webhookbotuser,30319585,30
1340,iobotis,3168906,0
1341,mstalbot52,38546467,0
1342,Mention Bot,15710697,0
1343,jrbotros,2992765,1
1344,Botev,1889878,13
1345,algoliareadmebot,18572634,0
1346,dawsbot,3408480,534
1347,Salesforce UX Bot,15987797,0
1348,tibotiber,5635553,171
1349,dpebot,19979279,7500
1350,austbot,4331331,788
1351,Per Bothner,10293361,595
1352,ztalbot2000,6558047,816
1353,brokenbot,4298757,83
1354,Jorge Calleja - wootsbot,8527763,715
1355,UberOpenSourceBot,33560951,816
1356,metal3-io-bot,55852648,9385
1357,jjrobothamho,33282783,0
1358,dialog-bot,44850638,112
1359,Google OSS Prow Robot,44651202,32621
1360,karmarunnerbot,8129835,456
1361,sre-bot,29268173,2044
1362,bot-42,35754631,0
1363,matticbot,18333116,22028
1364,ng-zorro-bot,33472860,220
1365,msft-github-bot,42388855,0
1366,theguild-bot,59414373,5712
1367,The Dlang Bot,15698993,5123
1368,Alluxio bot,19785354,4766
1369,hasura-bot,38103448,0
1370,Submariner Bot,58605119,8336
1371,tekton-robot,48335577,22459
1372,openshift-azure-robot,44028607,12
1373,pull[bot],39814207,11183069
1374,Tedium Bot,15639815,851
1375,dotnet-bot,9011267,155847
1376,NachoBot,26633764,2706
1377,jenkins-x-bot,69558219,0
1378,metamaskbot,37885440,4179
1379,element-bot,23526893,3962
1380,ibmdotcom-bot,53266321,7648
1381,React Native Bot,53619745,717
1382,Favware-bot,57236085,188
1383,ngrxbot,45046065,146
1384,dotnet-maestro-bot,29409908,2307
1385,pdfjsbot,1036361,4834
1386,dhis2-bot,21341178,40373
1387,Explosion Bot,32332140,1087
1388,Bundlerbot,13614622,0
1389,jbobotek,16938970,0
1390,ohbot,26870112,72
1391,pirate-bot,58979018,1772
1392,edx-transifex-bot,23389040,2230
1394,mender-test-bot,28113323,4087
1395,robotdan,1148709,4938
1396,minikube-bot,20374350,1891
1397,xobotyi,6178739,2077
1398,gVisor bot,51218664,37
1399,KadoBOT,11719845,347
1400,cozy-bot,34688948,4241
1401,google-oss-prow[bot],92114575,3246
1402,robotmrv,7793957,63
1403,StepFunctions-Bot,56740174,208
1404,fusionjs-sync-bot[bot],54292373,0
1405,moonwalker-bot,48728329,638
1406,yarpcbot,38438703,0
1407,ross-bott,56741695,65
1408,ucloud-bot,46881965,1788
1409,Spacchettibotti,45738712,1
1410,aporeto-bot,18075039,6179
1411,usercont-release-bot,36231209,4290
1412,mattsb42-bot,57046835,13
1413,pabbott0,4582865,0
1414,ExtendReality-Bot,45893816,3499
1416,abbotware,2100564,133
1417,asanabot,7777023,0
1418,matrixbot,1808447,308
1419,SuchABot,4147255,0
1420,leontalbot,937937,42
1421,z-docker-bot,35269309,0
1422,unsc-oni-ancilla[bot],121069198,0
1423,Pydio Bot,45753747,89
1424,greenrobot,242242,364
1425,Julboteroc,49414964,1
1426,DummyChangeBot,28806109,0
1427,brettchabot,4038919,421
1428,scorebot,50666204,144
1429,BotellaA,3213882,1401
1430,WH-MODS-BOT,56180554,101
1431,thomasbottonari,5902773,6
1432,SegmentDestinationsBot,40212312,0
1433,Alberto Bottarini,1442934,171
1434,mongodb-realm[bot],49962638,1141
1435,Babel Bot,21250019,1271
1436,filippobottega,2587684,66
1437,devtools-bot,24444246,3806
1438,Neos Bot,13999604,3433
1439,fire_bot,78686,31
1440,abotiamnot,36379971,1
1441,Rybot666,18713673,23
1442,glassfishrobot,6104758,9
1443,wking-io,11789828,66
1444,sonic-ios-dev,1636223,216
1445,drj-io,14353145,0
1446,Restyled.io,65077583,0
1447,vtex-io-ci-cd[bot],44008113,9216
1448,Alban-io,7300483,43
1449,afterwind-io,16891493,161
1450,nhz-io,7918125,93
1451,Vlad Ion,16778905,128
1452,gitpod-io[bot],46564150,21548
1453,btzr-io,14793624,962
1454,manuel-di-iorio,2255291,133
1455,az-iot-builder-01,10118926,118
1456,prologic,13300253,0
1457,binarylogic,1663286,2368
1458,techknowlogick,164197,3831
1459,customlogic,1166244,8
1460,srikanthlogic,126862,130
1461,Tyler MeekLogic Vigario,1435595,61
1462,SlowLogicBoy,3121637,26
1463,logicalparadox,58988,1
1464,viralogic,10284720,88
1465,bitsoflogic,4437714,10
1466,azurelogic,1966409,3
1467,millerlogic,6836420,14
1468,Technologicat,16972251,857
1469,Syed-SnapLogic,5888194,70
1470,pslogic,526750,31
1471,Afterlogic Support,16918936,137
1472,scoder,491659,3704
1473,Marco de Jong,1011785,12
1474,rzcoder,1993554,93
1475,jdxcode,216188,48
1476,colethecoder,992613,31
1477,giventocode,3589801,226
1478,AKCoderWorld,12468546,0
1480,speccode,1951131,46
1481,dcodeIO,1136893,2790
1482,codesoap,42150522,414
1483,SpeedyCoder,11719768,79
1484,codelucas,2288709,11
1485,codeallthethingz,1261268,571
1486,thecodeboss,2157939,64
1487,codeskyblue,3281689,783
1488,coderaiser,1573141,5214
1489,bpicode,6500299,23
1490,cjcodes,805867,1
1491,codeTom,28865423,3
1492,kevcodez,14073399,575
1493,TraGicCode,6224270,1488
1494,typicode,5502029,1629
1495,jstacoder,4082254,14
1496,ncode,52380,66
1497,codeandcats,6035934,191
1498,NorthSeacoder,30330837,251
1499,tk-codes,3751899,78
1500,ncodes,1661566,105
1501,fabiosantoscode,1611595,743
1502,itai-codefresh,10414627,1500
1503,tpluscode,588128,7024
1504,dipujscoder,21333762,5
1505,codebude,2236234,369
1506,codesmith14,18558634,0
1507,Cr45hCode,7612335,4
1508,CoderZhi,35643171,994
1509,bxcodec,11002383,158
1510,ChimeraCoder,376414,11
1511,picocodes,19934448,1327
1512,codemanki,307008,11
1513,codemaestro64,42093751,226
1514,Goodcode,15660898,0
1515,faisaltheparttimecoder,16798908,178
1516,yaroslav-codefresh,45195052,151
1517,langecode,5438266,730
1518,cspotcode,376504,2753
1519,CodeClinch,40203931,6
1520,KillerCodeMonkey,2264672,2958
1521,X-Coder264,12602463,256
1522,Codegnosis,4199268,1174
1523,codesomeExperimental,46300083,0
1524,coderkevin,945228,1086
1525,codejamninja,6234038,2102
1526,Intellicode,6794,110
1527,ediblecode,893676,1051
1528,codecounselor,12678528,795
1529,codenamev,109135,128
1530,Nameless Coder,36445192,0
1531,codeinteger6,44692189,152
1532,codelingo,31758692,0
1533,ReToCode,16611466,29
1534,tkSrcCode,56978449,0
1535,chrisdotcode,1936426,3
1536,rubenCodeforges,6032797,7
1537,codenio,30741615,132
1538,MikeCoder,3142935,164
1539,CodeSandwich,26183680,1780
1540,ograycode,1228915,26
1541,MiniCodeMonkey,220535,178
1542,astonbitecode,11261467,96
1543,taylorcode,6465562,10
1544,knowledgecode,1496036,66
1545,CodeJuan,5423628,0
1546,codemayank,13509968,8
1547,arcoders,26773339,124
1548,CodeBrew28,21315389,65
1549,VibhorCodecianGupta,29275810,127
1550,codenirvana,4865836,1507
1551,codeliner,5131987,426
1552,coder2000,27944,213
1553,codearoni,10284104,20
1554,ascoders,7970947,422
1555,lindycoder,12926519,55
1556,codekie,1512840,285
1557,EdenCoder,5687739,557
1558,escodel,13382021,0
1559,Biacode,10510996,48
1560,qwcode,1052224,146
1561,briancodes,15702512,28
1562,printfcoder,20906540,197
1563,CodeXpert,42118351,0
1564,iamDecode,1223300,193
1565,wcoder,82376465,0
1566,coderdiaz,1901273,421
1567,lambcode,5820125,8
1568,rickycodes,675259,2445
1569,code-crusher,6625740,8
1570,jshencode,3729154,0
1571,SplotyCode,31861387,97
1572,thecodejack,1515160,164
1573,codejet,802203,132
1574,yscoder,12295378,27
1575,salarcode,1272095,309
1576,mehcode,753919,1047
1577,DharmaOfCode,1915998,236
1578,vincethecoder,2340650,8
1579,codebeaulieu,9411281,14
1580,codepb,4525422,2
1581,codeBelt,2893563,518
1582,codeodor,23479,162
1583,code-to-gold,44288167,27
1584,Codesleuth007,91474562,35
1585,coderextreme,705783,437
1586,UplinkCoder,2844936,896
1587,codeclinic,6069510,44
1588,webcoderkz,5739191,93
1589,draftcode,21878,275
1590,t0xicCode,1268885,74
1591,codeguy,8828393,14
1592,coderofsalvation,180068,727
1593,Lenny Code,1864826,97
1594,grokcode,61232,3
1595,code4craft,1351884,21
1596,CodeSmith,25826703,41
1597,handcode,13568209,0
1598,coderam,10229470,3
1599,codekirei,4745083,3
1600,codeactual,57662,235
1601,thecodershome,11224194,1
1602,CoderHuo,14018667,0
1603,Exocode12,25817463,0
1605,codemonkey3045,1509085,0
1606,codez,8694085,0
1607,felixcodes,17525561,1
1608,lonelycode2015,13497727,0
1609,CodeKnitter,12571564,0
1610,TarCode,11028860,0
1611,sky-sky-code,82188125,50
1612,hardworkingcoder,49145351,0
1613,codeswholesale,7384842,0
1614,patchthecode,2439146,145
1615,XenocodeRCE,4918142,207
1616,robocoder,922051,376
1617,RebelCodeBase,5236803,0
1618,TheCodeholic,4627922,195
1619,Spatocode,37238008,30
1620,OpenCode,2640011,1
1621,chibicode,992008,263
1622,eileencodes,1080678,1126
1623,diego-codes,5973294,57
1624,codecalm,1282324,510
1625,CaptainCodeman,304910,73
1626,olegz-codefresh,58692269,987
1627,codezizo,10685570,0
1628,carpecodeum,43586052,84
1629,GloriousCode,9261323,1740
1630,codemile,50146659,360
1631,musicode,2732303,504
1632,scottcode,5438606,31
1633,psxcode,7700153,45
1634,Bahdcoder,19477966,1080
1635,KyorCode,1721817,8
1636,Coder256,10134823,38
1637,codehippie1,18332214,109
1638,fusillicode,2248534,17
1639,codehearts,2885412,662
1640,codediodeio,10172199,486
1641,codeFareith,5126589,0
1642,noscode,22619766,418
1643,TuxCoder,2470864,19
1644,synercoder,18616295,170
1645,codejanovic,7228633,15
1646,mkcode,283496,49
1647,AlterCodex,12959522,160
1648,codedance,978738,16
1649,MikoCode,79205367,38
1650,CodeAnimal,4548677,5
1651,coneycode,2369316,5
1652,pennycoder2022,118767511,0
1653,JaneCoder,3027535,0
1654,devcodewak,11206755,0
1655,codeaholics007,9459241,0
1656,groovecoder,71928,2199
1657,Code-strings,85052166,16
1658,d0peCode,40339232,37
1659,Jay the Code Monkey,34846601,318
1660,ruscoder,3920871,292
1661,codergkd,34162549,4
1662,codepandy,16410281,70
1663,codependent,6399869,354
1664,the-drunk-coder,9823721,190
1665,OpenCoderX,727104,32
1666,JoeJC-coder,63450060,0
1667,ThisGuyCodes1106,79881489,15
1668,shamcode,2228977,480
1669,codeyash,654242,23
1670,dmgcodevil,1413873,178
1671,UnquietCode,146995,189
1672,AlisCode,12024408,264
1673,JimLynchCodes,5354163,891
1674,codemonkeyneo,1061559,9
1675,alusicode,20558070,292
1676,AlariCode,2528600,309
1677,reBiocoder,39401819,181
1678,Stefan-Code,9949033,13
1679,Google Code Exporter,9614759,48
1680,ChosenCoderholic,26505151,10
1681,Leopoldthecoder,10095631,82
1682,novumcoder,6917790,13
1683,lucode,16836223,15
1684,Coder15-sneha,81813697,61
1685,leeycode,20038428,46
1686,thehappycoder,60022,61
1687,brahmscode,13240860,30
1688,Humblecoder99,22714678,0
1689,deadcoder0904,16436270,1325
1690,DeDe-code,52158047,13
1691,Try2Code,681390,159
1692,coderpatros,1233546,2418
1693,Coder Robust,33787822,35
1694,Yuricoden,22848432,0
1695,Codemastering2000,53006667,0
1696,mats-claassen,8573865,579
1697,CD-Clarke,36769328,40
1698,Ross Clark,6961242,185
1699,Sean Clayton,1108160,248
1700,raoulmeroni-clab,11315132,0
1702,ddes-ci,38741764,1
1703,Michael Ciniawsky,5419992,2
1704,stickler-ci,16011037,2115
1705,mailgun-ci,5120957,19
1706,nexus-ci,36074895,1773
1707,stencila-ci,2062227,2372
1708,Thorntail CI,24593911,88
1709,mesosphere-frontend-ci,42269188,0
1710,io-scalecube-ci,37174750,0
1711,asCii88,5498750,0
1712,jhm-ciberman,7988351,219
1713,kie-ci,11995863,14824
1714,kenjones-cisco,7967510,72
1715,dino-cikatic,7403820,0
1716,swift-ci,15467072,53512
1717,vc-ci,31079468,9374
1718,[taskcat-ci],20568103,4531
1719,jdroid-ci,7411221,114
1720,Balena CI,34882892,71042
1721,itdependsnetworks,9260483,2061
1722,Sam Batschelet (hexfusion),1249749,3296
1723,spideyfusion,704579,191
1724,fusion809,4717341,659
1725,fusion360,73207071,0
1726,webprofusion-chrisc,2445502,1264
1727,AutoSponge,654530,152
1728,yoshi-automation,44816363,81234
1729,Scrutinizer Auto-Fixer,6253494,195
1730,automenta,157093,469
1731,skia-flutter-autoroll,37626415,21787
1732,"josephyucc2git config --global user.email josephyucc2@outlook.com## Ignore Visual Studio temporary files, build results, and## files generated by popular Visual Studio add-ons.#### Get latest from https://github.com/github/gitignore/blob/master/VisualStudio.gitignore# User-specific files*.suo*.user*.userosscache*.sln.docstates# User-specific files (MonoDevelop/Xamarin Studio)*.userprefs# Build results[Dd]ebug/[Dd]ebugPublic/[Rr]elease/[Rr]eleases/x64/x86/bld/[Bb]in/[Oo]bj/[Ll]og/# Visual Studio 2015/2017 cache/options directory.vs/# Uncomment if you have tasks that create the project's static files in wwwroot#wwwroot/# Visual Studio 2017 auto generated filesGenerated\ Files/# MSTest test Results[Tt]est[Rr]esult*/[Bb]uild[Ll]og.*# NUNIT*.VisualState.xmlTestResult.xml# Build Results of an ATL Project[Dd]ebugPS/[Rr]eleasePS/dlldata.c# Benchmark ResultsBenchmarkDotNet.Artifacts/# .NET Coreproject.lock.jsonproject.fragment.lock.jsonartifacts/**/Properties/launchSettings.json# StyleCopStyleCopReport.xml# Files built by Visual Studio*_i.c*_p.c*_i.h*.ilk*.meta*.obj*.pch*.pdb*.pgc*.pgd*.rsp*.sbr*.tlb*.tli*.tlh*.tmp*.tmp_proj*.log*.vspscc*.vssscc.builds*.pidb*.svclog*.scc# Chutzpah Test files_Chutzpah*# Visual C++ cache filesipch/*.aps*.ncb*.opendb*.opensdf*.sdf*.cachefile*.VC.db*.VC.VC.opendb# Visual Studio profiler*.psess*.vsp*.vspx*.sap# Visual Studio Trace Files*.e2e# TFS 2012 Local Workspace/# Guidance Automation Toolkit*.gpState# ReSharper is a .NET coding add-in_ReSharper*/*.[Rr]e[Ss]harper*.DotSettings.user# JustCode is a .NET coding add-in.JustCode# TeamCity is a build add-in_TeamCity*# DotCover is a Code Coverage Tool*.dotCover# AxoCover is a Code Coverage Tool.axoCover/*# Visual Studio code coverage results*.coverage*.coveragexml# NCrunch_NCrunch_*.*crunch*.local.xmlnCrunchTemp_*# MightyMoose*.mm.*AutoTest.Net/# Web workbench (sass).sass-cache/# Installshield output folder[Ee]xpress/# DocProject is a documentation generator add-inDocProject/buildhelp/DocProject/Help/*.HxTDocProject/Help/*.HxCDocProject/Help/*.hhcDocProject/Help/*.hhkDocProject/Help/*.hhpDocProject/Help/Html2DocProject/Help/html# Click-Once directorypublish/# Publish Web Output*.[Pp]ublish.xml*.azurePubxml# Note: Comment the next line if you want to checkin your web deploy settings,# but database connection strings (with potential passwords) will be unencrypted*.pubxml*.publishproj# Microsoft Azure Web App publish settings. Comment the next line if you want to# checkin your Azure Web App publish settings, but sensitive information contained# in these scripts will be unencryptedPublishScripts/# NuGet Packages*.nupkg# The packages folder can be ignored because of Package Restore**/[Pp]ackages/*# except build/, which is used as an MSBuild target.config --global user.name josephyucc2",23053573,0
1733,engine-flutter-autoroll,42042535,13462
1734,Automunge,44011748,2744
1735,NetDevAutomate,10087646,55
1736,Google-Autofuzz,27442508,50
1737,synapticarbors,589279,1112
1738,gaborszakacs,6256480,433
1739,Peter Borsboom,12435785,9
1740,bors-homu,32156617,2152
1742,bors-libra,53831230,10761
1743,zeebe-bors[bot],52453511,3947
1744,AUTH\adaugherity,1268533,20
1745,Kevin Grandon,122602,17
1746,TheKnightsWhoSayNi,12251202,0
1747,jujugui,6012845,0
1748,octokit-fixture-user-a,31898046,8193
1749,welcome,9523049,34
1750,PRB0t,34620110,21
1751,ovh-cds,40792150,1063
1753,Michael Kohler,330324,1988
1754,pocketjoso,7192832,69
1755,Hugo101,18361043,54
1756,hayesall,11916674,677
1757,Kevva9844,44543807,0
1758,dchenk,17372886,151
1759,DrMarcII,4109465,6
1760,becw,207974,93
1761,bryanl,240,106
1762,rappdw,210863,104
1763,Brianvoe,1580910,379
1764,izgeri,26872683,1909
1765,jasonrahm,856651,25
1766,wavebeem,176815,1226
1767,pythoneer,1102097,80
1768,retgits,8568280,503
1769,koher,217100,246
1770,bhazelton,3084869,1644
1771,okdistribute,633012,802
1772,JTSage,605986,473
1773,floatdrop,365089,164
1774,NathanSweet,434010,709
1775,adrake33,11491365,0
1776,Aydrian,981130,566
1777,heapwolf,136109,328
1778,steelydylan,2508691,597
1779,reidsvilleneuve,8031639,13
1780,donmccurdy,1848368,4250
1781,matteosister,212723,225
1782,lipangit,2038071,139
1783,msmathers,786952,1
1784,aOrz,6347990,12
1785,ryanwinchester,2897340,351
1786,wendux,20411648,371
1787,Nox,1105403,1
1788,TheKeymaster,20555112,2464
1789,sudodoki,1506905,51
1790,Zak-C,26901242,0
1791,danielgerlag,2357007,516
1792,Pau Benet Prat,35812841,9
1793,rovansteen,14931924,100
1794,aermakov-zalando,28755847,2414
1795,hjacobs,510328,226
1796,pbrant,24168,29
1797,nicolargo,776747,788
1798,jholt1,7101754,342
1799,stevehu,2042337,7952
1800,Joakim Hove,1321665,7991
1801,bartelink,206668,1655
1802,Maks3w,1301698,306
1803,Talina06,5362897,22
1804,jansiegel,7397134,1553
1805,wictorwilen,5854279,622
1806,scottrobertson,3196016,8
1807,bryphe,13532591,4873
1808,deoxxa,479055,33
1809,dulltz,1369554,50
1810,ejmahler,1156730,508
1811,upperwal,5246435,311
1812,trevnorris,289174,12
1813,tariq1890,2658224,295
1814,Koute,246574,454
1815,sergiodxa,1312018,2221
1816,ForbesLindesay,1260646,978
1817,taleinat,532281,437
1818,mattdesl,1383811,256
1819,menduo,28503073,1
1820,rgieseke,198537,795
1821,mmetayer,5301298,808
1822,phil-opp,1131315,2087
1823,milo,16754121,5
1824,mstrazar,5073833,12
1825,kaidiren,2025174,42
1826,k0nserv,1333960,1018
1827,mcintyre321,275706,139
1828,Vunb,3768250,398
1829,KorzunAV,4457311,4
1830,iddan,12671072,1516
1831,joerick,1244307,1818
1832,Hediyi,18070858,2
1833,martinherweg,381383,57
1834,aertmann,903567,14
1835,NicolasRannou,214063,22
1836,alexellis,6358735,20833
1837,RMG,82426337,129
1838,sam-at-github,3386865,535
1839,BSweeney,7015047,59
1840,shama,39614380,4
1841,loganfsmyth,132260,788
1842,mikbry,395718,762
1843,weavejester,8780,790
1844,SheetJSDev,6070939,908
1845,aycabta,1404325,1571
1846,lufinkey,7820113,647
1847,rowanwins,6735870,678
1848,legal90,4846154,128
1849,MahdiZareie,5862289,3
1850,softprops,2242,967
1851,mosic,29485021,21
1852,Paul Le Cam,790995,1788
1853,eXon,280982,92
1854,azhiltsov,8803384,0
1855,biezhi,3849072,223
1856,JulienS,195661,212
1857,EisenbergEffect,131485,2249
1858,aloneguid,3155189,523
1859,Stewori,4356260,412
1860,neverchanje,6970676,1200
1861,DavoudTaghawiNejad,871141,3
1862,KennethanCeyer,7090315,665
1863,Tustin,5008148,232
1864,mikiobraun,81556,31
1865,samhed,4117162,280
1866,indexzero,4624,102
1867,faroit,72940,1614
1868,Trym,16795325,58
1869,Sieg,5342341,8
1870,TrySound,5635476,2770
1871,samonzeweb,1175552,40
1872,cjus,387129,62
1873,sp00m,4568204,360
1874,darrelmiller,447694,982
1875,rantianhua,7328707,49
1876,torkleyy,23152057,346
1877,cgordon,294961,26
1878,isaacs,9287,3189
1879,Dirk Mahler,437925,1090
1880,Tats.U,12870451,425
1881,k2kobayashi,6328035,139
1882,acogoluegnes,514737,1532
1883,kevinoliver,347229,8
1884,notlee,10405691,3212
1885,rasheedamir,3967672,1955
1886,Andrey Kharanenka,18258760,289
1887,slashdotdash,3167,401
1888,berryamin,37262984,265
1889,KarlLevik,1378676,617
1890,Clue,1632092,0
1891,paulfalgout,2028470,1240
1892,9il,845083,1544
1893,estolfo,699369,813
1894,kurnevsky,2943605,1291
1895,kpp,467709,984
1896,menduz,260114,3900
1897,gfursin,7384805,1323
1898,noties,7278986,172
1899,coryb,60973,516
1900,Kris Nova,13757818,1880
1901,M. Weigand,47679441,0
1902,achilleas-k,2369197,2217
1903,Kuchiriel,4648891,37
1904,dcsan,514002,616
1905,kirsle,1663507,129
1906,NorfairKing,3521180,1925
1907,Damsfx,282242,230
1908,Tobias Kuendig,8600029,1260
1909,wernerkrauss,1043925,66
1910,Stevie Mayhew,1953220,48
1911,redhatrises,8398836,3119
1912,johndgiese,1648754,245
1913,interactivellama,1290832,498
1914,jeremymeng,7583839,3801
1915,alileza,1962129,48
1916,dherman,976608,263
1917,licarth,5550241,298
1918,mauroa,2921919,328
1919,adalon,2027083,32
1920,danielkaneider,1572080,23
1921,minad,50754,11423
1922,rkh,1249664,6
1923,ender503,1849431,26
1924,Duerno,5897235,29
1925,tvatter,5273142,259
1926,whyrusleeping,1243164,1255
1927,LeeSmet,22023708,841
1928,VictorVelarde,458196,2276
1929,Scotchester,1044670,746
1930,kylebuch8,330256,489
1931,shimizukawa,151623,545
1932,gajus,973543,2815
1933,novemberborn,33538,1139
1934,domysee,2094093,14
1935,julienbourdeau,1525636,101
1936,mmoll,1434927,541
1937,dfahlander,6791329,1269
1938,michielpost,1315216,647
1939,Thiru,4223360,351
1940,stash,39332124,69
1941,fredoboulo,9487850,11
1942,seanmcleod,824856,258
1943,stefanneculai,637004,1
1944,NeilFraser,250480,711
1945,OrElse,33424641,9
1946,cornerman,1043127,869
1948,keilw,70496,1281
1949,Tzxhy,18610809,62
1950,fsmirne,2401859,2
1951,pselle,204372,707
1952,sharkdp,4209276,3114
1953,vitalets,1473072,666
1954,srinandan,13950006,220
1955,Keith,441840,62
1956,daftspunk,1392869,2559
1957,rmw2,12722572,17
1958,megahertz,8065664,25
1959,ekerwin,224544,571
1960,yodalee,1913143,119
1961,vasdeveloper,30431775,0
1962,davemorrissey,1893039,66
1963,Meson10,48571473,16
1964,lpil,6134406,5590
1965,fengzixu,9636615,267
1967,JKHeadley,12631935,325
1968,ricmoo,975687,1865
1969,dangilman,15677070,360
1970,sibirrer,6814174,826
1971,kyhavlov,4177697,240
1972,yageek,170917,479
1973,Noofbiz,5117030,181
1974,mmstick,4143535,2699
1975,brs17,7460774,27
1976,JMPerez,416456,139
1977,film42,1043908,266
1978,Roobre,969721,5145
1979,Jhunt,70081071,96
1980,satoshun00,1837128,44
1981,rwjblue,12637,7296
1982,jdmurphy,24583793,0
1983,brody prestwich,11862510,8
1984,DevelopIT-SAS,29983833,0
1985,sh4nks,1510708,363
1986,adjackura,17150539,652
1987,abpetkov,1809512,1
1988,jbailey4,4117594,5
1989,wmgroot,3124965,16
1990,emmanvg,8574582,640
1991,piedoom,8846211,210
1992,tsherif,476017,546
1993,matiu,98844,326
1994,rabidgremlin,444906,25
1995,crossroads1112,3654575,72
1996,dgasmith,1769841,261
1997,leeping,1441560,207
1998,stebo85,4021595,1784
1999,eudangeld,453488,41
2000,arnodel,1611065,352
2001,joelddiaz,4999586,1619
2002,opoupeney,1843366,3
2003,puneetguptanitj,3784871,13
2004,ticoann,1247993,0
2005,yuyiguo,1775438,623
2006,Calebjh,61655415,99
2007,alexfreska,1412796,295
2008,modocache,552921,759
2009,SergeyZhukovsky,12011303,1862
2010,steelbrain,4278113,376
2011,Gp2mv3,1221806,15
2012,shantanugadgil,2508915,167
2013,canavandl,2198981,0
2014,sauln,11938053,38
2015,lmcinnes,11962885,904
2016,davidmoten,318187,2953
2017,postelrich,3619876,20
2018,ashishagg01,12656266,7
2019,sbesson,54716916,0
2020,kimmylin,30611210,1475
2021,BurtonR,12687192,138
2022,MichaelTLombardi,14190564,2438
2023,Iristyle,394081,549
2024,dlech,963645,4731
2025,alecmocatta,1136246,305
2026,technicalpickles,159,374
2027,mccalluc,730388,6403
2028,markusl,902838,246
2029,Alec Aivazis,916317,2355
2030,urso,75886,2246
2031,Zinid1233,110504520,0
2032,migueldeicaza,36863,797
2033,stevenbenisek,920729,43
2034,matthiasblaesing,2179736,1497
2035,dbwiddis,9291703,3332
2036,danielestevez,495063,25
2037,CapacitorSet,9286933,734
2038,djsg,11957578,7
2039,michaelcmelton,21992321,205
2040,horiuchi,26864683,18
2041,kaspersorensen,291450,92
2042,voelzmo,2256887,545
2043,EINazare,26245512,1179
2044,david415,50611,423
2045,ncdc-dev,5085716,0
2046,catsby,61721,1145
2047,fredvd,394784,232
2048,adamgibbons,1430961,108
2049,krancour,1821014,9334
2050,v-makouz,25330103,90
2051,mkleehammer,27421,159
2052,paulolimarb,7895168,139
2053,Matt Peters,5488816,3
2054,domoritz,589034,9442
2055,Michal Harish,2707231,64
2056,agentcooper,794591,350
2057,oBusk,13413409,842
2058,SenhorCastor,3718999,12
2059,jangaraj,1182932,492
2060,jannyHou,12554153,5
2061,virkt25,3311536,10
2062,vtsykun,21358010,29
2063,anyt,5183991,651
2064,ggeisler,101482,510
2065,ale7714,1709578,19
2066,ebenenglish,2079425,525
2067,alexcrichton,64996,10428
2068,killercup,20063,275
2069,rauhryan,68954,47
2070,gammazero,11790789,2962
2071,markets,576701,853
2072,jsastriawan,6583218,61
2073,ebfull,3794471,924
2074,Norman,246402,331
2075,LRowe,16247185,0
2076,wavded,26638,402
2077,Chris Hines,1060711,263
2078,danhenderson,1445686,237
2079,iangilman,338989,878
2080,pookmish,7185045,5212
2081,crissdev,822571,128
2082,xuwei-k,389787,23575
2083,oscarotero,377873,2620
2084,xnv,16988148,2248
2085,daisukenishino,5975160,0
2086,lancedikson,1955931,133
2087,riddell-stan,39928022,1140
2088,K3lKuN,12954898,0
2089,Benjih,70883787,0
2090,NickToropov,31315772,0
2091,naofireblade,12081369,156
2092,sp90,3041602,92
2093,dmitrykurmanov,22315929,2066
2094,klaaz0r,9153800,102
2095,lcobucci,201963,3542
2096,vsch,10299086,15
2097,mikepugh,1666933,25
2098,ajayojha,20392302,623
2099,TonyOreglia,8755161,310
2100,KeesCBakker,583193,424
2101,billsegall,5387684,108
2102,hangzws,9815002,0
2103,pluma,1861745,13
2104,Ngoguey42,9285880,2092
2105,DannyBies,3967506,35
2106,zewa666,2861414,123
2107,fax4ever,1748775,2265
2108,D. Davide,29687537,40
2109,fuzzmz,1335181,70
2110,desmaisons_david,524617,329
2111,owen-m1,30704531,193
2112,a4abhishek,17258801,18
2113,bserdar,3670797,324
2114,Mike Ralphson,21603,3202
2115,renanborgez,1863024,198
2116,Yogu,395810,551
2117,remcoros,130373,18
2119,pavadeli,5168053,374
2120,Orne Brocaar,165497,1103
2121,sanex3339,9210534,967
2122,tsayen,1733236,3
2123,DagnirCuthalion,65599186,0
2124,urbim,17433665,175
2125,andig,184815,7991
2126,NikVolf,3186518,1010
2127,jnwng,1118534,144
2128,msimonin,2486813,283
2129,brozeph,753462,416
2130,chrisgarrity,399209,1897
2131,broady,24982,91
2132,valpesendorfer,18698817,442
2133,gdkrmr,12512930,209
2134,nea,111124235,0
2135,pgarbe,721899,718
2136,lukabratos,3057261,55
2137,njugray,5938871,14
2138,ivcosla,4092306,8
2139,2xAA,554219,1203
2140,huangminlinux,5852088,17
2141,colinmollenhour,38738,583
2142,magopian,167767,771
2143,Partim8,16509579,0
2144,Me No Dev,12663778,2628
2145,ofer.eran,19290462,0
2146,zjj2wry,18045633,464
2147,charlieduong94,9613701,450
2148,bergloman,1841701,116
2149,timbru31,838003,10471
2150,anvyst,227261,15
2151,unpete,12096477,735
2152,NiJen,553129,17
2153,rogers492,2955702,0
2154,Ares,13854942,59
2155,valarauca,19227148,52
2156,Dylan Piercey,4985201,2096
2157,lozjackson,10599852,10
2158,ThomasArdal,563206,826
2159,v1r0x,9248714,205
2160,njbarrett,241407,6
2161,scross01,4055338,49
2162,Xiao Xiao,1157182,0
2163,youknowjack,2129899,59
2164,jnunemaker,235,760
2165,eugenioLopezRamos,17009559,8
2166,jlukic,23123,103
2167,lubber-de,18379884,2009
2168,skoczen,200635,33
2169,frankreno,1776470,111
2170,Benjamn,77075369,111
2171,Evgeniy L,577643,1
2172,a8a8,71051042,0
2173,Tobami,94648542,4
2174,vpavic,1149230,436
2175,Azat,8046021,0
2176,isnifer,1788245,171
2177,pajaydev01,75609270,11
2178,Hinny,7380773,25
2179,peterolson,920512,172
2180,sfackler,1455697,2371
2181,campoy,2237452,158
2182,UncleAndy,726954,65
2183,EECOLOR,1486362,343
2184,Hoishin,28832095,426
2185,jeroenransijn,564463,3
2186,Claudéric,44348995,0
2187,lsorber,4543654,87
2188,allburov,4376814,688
2189,bearcherian,1667247,157
2190,ebshimizu,777098,347
2191,cp3cp3,37835879,0
2192,Julien Melissas,2278221,16
2193,OndraZizka,644904,173
2194,jonbullock,1285247,572
2195,rigor789,879060,1964
2196,zimbatm,3248,3243
2197,propulsor,22180383,13
2198,markpokornycos,3075796,0
2199,crookedneighbor,2916945,2417
2200,quinnjn,1859215,47
2201,blacktaxi,1118870,38
2202,oising,1844001,365
2203,mikz,17291940,0
2204,flyingpie,11539494,11
2205,dpsoft,2567525,229
2206,QWp6t,2104321,2140
2207,yogeshgadge,2423608,2
2208,tacaswell,199813,4702
2209,yoiang,89718,579
2210,jskelcy,2659770,38
2211,akamensky,985805,326
2212,ancho,7467616,0
2213,MightLin,28519748,1
2214,cw-sakamoto,29860510,3224
2215,lirantal,316371,2243
2216,AmyOlex,7603758,135
2217,njsmith,609896,481
2218,tarcieri,797,13952
2219,grawk,1031360,127
2220,doomspork,73386,2376
2221,eatkins16,48501210,0
2222,cllns,632942,265
2223,chewiebug,1146131,17
2224,gerbenmeyer,3241910,590
2225,LcTwisk,3274157,93
2226,Tornhoof,7989549,174
2227,jackjamieson2,12275399,22
2228,jacobp100,7275322,377
2229,amwmedia,732336,49
2230,Orkhan Alikhanov,15037839,184
2231,sstephenson,2603,324
2232,dougwilson,67512,4071
2233,peritus,11022,3
2234,ps2,14649,2020
2235,grayghostvisuals,934322,0
2236,tedivm,121709,444
2237,jcaip,8041643,22
2238,jnm2,8040367,2576
2239,AndrewRedican,24832471,10
2240,jordanpadams,33492486,5718
2241,jmophoto,488916,0
2242,kikobeats,2096101,9173
2243,scott-wyatt,4590417,32
2244,KurtJung,20846839,0
2245,nathanleiby,102242,463
2246,sleepsonthefloor,38977,0
2247,parndt,10128,1260
2248,mukeshsoni,1042954,119
2249,b-admike,13950637,3
2250,jorgebucaran,56996,1856
2251,Soreine,5644953,38
2252,pbiecek,4624318,1195
2253,guillochon,4998058,860
2254,CrowdHailer,5862302,1303
2255,RVenkatesh,7369684,68
2256,zouter,5727377,125
2257,fyrkant,8655649,86
2258,Suhothayan,3785208,0
2259,mikebrow,12767641,1685
2260,gmorse81,2302675,33
2261,blanquer,33885,150
2262,juanjoDiaz,3322485,419
2263,breeswish,1916485,3705
2264,Rod Hynes,488643,460
2265,boxtown,2892990,9
2266,kelindar,583116,967
2267,Kwpolska,327323,564
2268,st0012,5079556,4794
2269,gberaudo,7294662,957
2270,mihaitodor,788216,910
2271,austinkelleher,3771924,3763
2272,niemyjski,1020579,1195
2273,minarikg,11489859,23
2274,althonos,8660647,2269
2275,coreybutler,770982,856
2276,ericpre,11851990,3793
2277,nehaljwani,1779189,2267
2278,Havunen,2021355,617
2279,peterbe,26739,13288
2280,lawrencegripper,1939288,1193
2281,mitchellh,107277497,0
2282,mjip,17364446,48
2283,Herringway,905162,378
2284,drdavella,2458487,71
2285,LOVELL,79860009,106
2286,fuzzdota,5763429,0
2287,slorber,749374,9223
2288,Tronald,24424871,88
2289,ademarco,639459,0
2290,phanrahan,1619443,19
2291,leonardt,3766436,1670
2292,nikku,96412642,3
2293,carlocayos,5648580,257
2294,tphoney,10402706,2459
2295,w8tcha,722575,578
2296,relistan,267761,305
2297,xNR1,10400319,4
2298,weixuanfu,21084970,139
2299,miyakogi,3213998,0
2300,schloerke,93231,18600
2301,markmssd,5899024,3
2302,siddharthlatest,630042,1719
2303,yeojz,429598,1
2304,timja,45006738,31
2305,hanslovsky,1086317,523
2306,axtimwalde,385072,266
2307,tpietzsch,622070,407
2308,asoldano,410976,337
2309,stephanlindauer,1323145,30
2310,trentmwillis,3526753,24
2311,PlatinumAzure,284282,437
2312,MDamien,1469823,77
2313,mnapoli,82161326,0
2314,domtronn,5881414,900
2315,Facetoe,1366896,99
2316,Alvin Reyes,4479171,342
2317,stoneChen,4470552,21
2318,ustbhuangyi,5359011,40
2319,cdepillabout,64804,2826
2320,jreidinger,478871,3187
2321,panaaj,38519157,402
2322,kbahr,3893782,0
2323,casyfill,2675621,412
2324,luboshl,4955190,32
2325,nauvalazhar,14899175,68
2326,jvassev,283438,37
2327,Lyokone,3680002,411
2328,adrianstevens,5965865,1238
2329,mwarkentin,67560,665
2330,dicearr,10713226,72
2331,John Estropia,3029684,170
2332,mhilton500,82247797,0
2333,hmemcpy,601206,1139
2334,swistach,11849621,810
2335,Kheldar,9088256,1
2336,Alexey Raga,1394391,483
2337,madmurphy,9403693,495
2338,mdiep,81988166,20
2339,joeferner,808857,209
2340,ZhipingYang,9360037,37
2341,jedrzejchalubek,3652932,235
2342,nojimage,100564,190
2343,ashleynolan,805184,1852
2344,Parkr1120,110306212,0
2345,jantimon,4113649,1091
2346,edi9999,2071336,449
2347,SvetoslavTsenov,3598759,4
2348,yuzushioh,12425729,37
2349,nchammas,1039369,431
2350,fwenzel,87232,62
2351,Caridy,38969,770
2352,doofin,6041353,107
2353,securityclippy,24833472,11
2354,fabienjuif,17828231,104
2355,amitzur,394320,892
2356,jaredhanson,10355,1854
2357,plusgut,277935,737
2358,NgoHuy,1238112,81
2359,xiongchiamiov,23369,19
2360,aquynh1682,58020339,23
2361,sc0vu,10494397,744
2362,itsdalmo,6603877,161
2363,inokappa,2660809,429
2364,Lipis,125676,4282
2365,petersirka,2414252,3701
2366,leekelleher,209066,667
2367,jonathanong,643505,403
2368,ptrthomas,915480,2405
2369,BlazZupan,726604,187
2370,loburm@google.com,7943996,91
2371,nshumoogum,7114615,1328
2372,geemus,4138,942
2373,dks17,18617428,17
2374,dbu,76576,2618
2375,simonbrandhof,414010,108
2376,willemdj,156615,19
2377,barakman,7003246,1888
2378,daltoniam,905059,22
2379,michaeltchapman,1069934,43
2380,BenjaSanchez,9384349,277
2381,IVANDOMENZAIN,26483972,604
2382,kanitw,111269,596
2383,henrytk,8709339,8
2384,superbobry,185856,212
2385,vlio20,4542641,475
2386,dbashford,581127,2
2387,Jordan Wright,81875454,180
2388,Ladsgroup,5351225,1064
2389,RangerMauve,911495,1288
2390,connorskees,39542938,337
2391,jcesarmobile,1637892,4431
2392,cbpowell,593953,150
2393,technomancy,141,788
2394,thedevelobear,29607890,24
2395,kvolkovich-sc,24652543,0
2396,bogdan0083,7077307,225
2397,Dan503,10610368,561
2398,JFrolich,579279,474
2399,tommoor,380914,4886
2400,andrewbonney,715421,216
2401,Rotzbua,7337347,743
2402,jrief,1132472,668
2403,jthoms1,1425431,156
2404,nmfr153,33710159,2
2405,moufmouf,1290952,3061
2406,Jimexist,622789,2875
2407,jhalterman,45050255,0
2408,klauspost,5663952,4108
2409,twiecki,674200,2153
2410,JC275,7083048,49
2411,overcat,2368403,1792
2412,sabeegrewal,12651619,3
2413,Samuel Girard,32910196,4
2414,unaizorrilla,1630008,324
2415,sckott,577668,2241
2416,Ruffio123,22393727,0
2417,jenow,592088,343
2418,SiggyF,1632323,1027
2419,Danreeves125,21369966,57
2420,bcgit2019abc,53439396,0
2421,puku0x,2607019,862
2422,altendky,543719,7704
2423,nikossvnk,3993858,17
2424,Vetcher,10078725,92
2425,Eduardo Rodrigues,5530238,0
2426,fanyang1988,6237553,333
2427,vidartf,510760,1036
2428,pablorsk,938894,419
2429,tampajohn,3832179,76
2430,canard0328,4339054,31
2431,datakurre,160447,799
2432,kevin-montrose,1219467,109
2433,Raimundas Sakalauskas,3405865,67
2434,kyriog,629831,7
2435,jhaenchen,7771519,6
2436,Stephen Hill,1270030,62
2437,joehni,795149,269
2438,sergeyfrolov,5443147,37
2439,Mikael Eliasson,888296,30
2440,mtrea,32470080,90
2441,alanfranz,230827,34
2442,aeneasr,3372410,19430
2443,mcjazzyfunky,17143038,461
2444,thysultan,810601,114
2445,winterland1989,1295998,824
2446,yfuks,9282988,24
2447,pavdmyt,10200820,670
2448,lionel,200407,27
2449,kamikazechaser,18488025,482
2450,yagop,5002453,93
2451,tocsoft,166440,322
2452,Ruben Verborgh,675313,4042
2453,stve,28044,153
2454,b1naryth1ef,599433,233
2455,BioQwer,5636129,29
2456,ro-ka,840022,4
2457,ishepard,9136821,154
2458,johnou,323497,149
2459,chrisfarms,45921,14
2460,jeremyletang,4346460,989
2461,millermedeiros,155633,1
2462,markvincze,55513132,404
2463,diwic,9721510,481
2464,matthewrmshin,908613,101
2465,kratob,38889846,8
2466,hkdsun,6955854,136
2467,IdoZilberberg,10131768,4
2468,MuriloSchaefer,14366202,29
2469,AnneHommelberg,32952985,0
2470,MVZ,4628193,0
2471,proofit404,1862725,5195
2472,indebanvdhamer,7994581,14
2473,Liszto,127287879,0
2474,chihsuan,4344253,416
2475,martijn00,6221156,165
2476,sHesl,12849568,10734
2477,Maarten Desnouck,6160127,7
2478,jameskermode,1049932,1298
2479,jbbarth,29363,1070
2480,smnbbrv,13453858,137
2481,xieziyu,6669841,137
2482,xile611,6111424,205
2483,fenollp,278727,2157
2484,IonicaBizau,2864371,1081
2485,facelessuser,1055125,4145
2486,steveoh,325813,3756
2487,nihgwu,2595058,208
2488,kspearrin,1190944,2753
2489,nickschot,334789,984
2490,blainekasten,2916023,39
2491,championswimmer,1327050,730
2492,livictoria,18960825,1
2493,davidchin,47388153,0
2494,whatyouhide,3890250,1186
2495,julianlam,923011,2316
2496,jhermsmeier,244907,189
2497,lurch,90292267,88
2498,alfonsogarciacaro,8275461,2679
2499,MangelMaxime,4760796,2427
2500,giginet,147051,249
2501,MelbourneDeveloper,16697547,1709
2502,Bathtor,596721,377
2503,aparcar,16000931,3484
2504,jaames,9112876,615
2505,jskeet,17011,11606
2506,clamoriniere1A,12412113,0
2507,chrisandreae,186537,272
2508,loongy,6580801,170
2509,mmazzarolo,9536354,1310
2510,LukaJCB,9531747,197
2511,kenshinji,1403893,48
2512,redonkulus,193272,3762
2513,fkleuver,9655331,285
2514,serggl,53304,239
2515,Conor Mongey,625787,608
2516,taligentx,12835671,115
2517,danburkert,160242,175
2518,seesemichaelj,549323,1837
2519,slewis74,4229735,775
2520,Mitsutaka,66809454,38
2521,yaakov3h,109907185,0
2522,catamphetamine,477167,429
2523,justanr,4221605,42
2524,jvanderberg,11894149,37
2525,malled,2600337,5
2526,kaitoy,1180756,71
2527,tommens,8276015,198
2528,Alexandre Decan,4992216,338
2529,AliSoftware,216089,5975
2530,ashwin31,365610,464
2531,Ullaakut,6976628,3126
2532,manueliglesias,6154160,386
2533,GhostofGoes,6599820,128
2534,vadimkaD,23076103,0
2535,mgtriffid,3628883,0
2536,qiangdavidliu,6243760,0
2537,kcmr,92611,271
2538,hkantare,24930306,3703
2539,Amanda Tarafa Mas,14878252,4269
2540,Cryptix,13437359,0
2541,ivanvotti,107266270,0
2542,dkhamsing,4723115,1434
2543,TooTallNate,71256,2012
2544,fanminshi,4983345,7
2545,ChristianBundy,537700,691
2546,Yogthos,121208,944
2547,devfeel,4271350,47
2548,Oliver Croomes,4792608,4
2549,pwalczysko,2478303,954
2550,aearly1,49061339,65
2551,csirmazbendeguz,19559023,4
2552,Oleg Nadymov,9961359,37
2553,throrin19,1394778,104
2554,ArturT,662545,1318
2555,bfontaine,1334295,553
2556,srmnitc,12624457,466
2557,gpbl,120693,1347
2558,njgheorghita,9753150,846
2559,jbalsas,905006,1614
2560,MMatten,1895701,37
2561,ismamz,3452011,51
2562,TobiasBg,155439,242
2563,RomanMinkin,1850909,0
2564,Mike Marcacci,690517,370
2565,chenyukang,230646,1084
2566,elandau,913564,0
2567,supermarin1,24755510,14
2568,deadprogram,5520,4194
2569,cviecco,1275412,373
2570,maxisam,456807,787
2571,luk6xff,4447615,173
2572,MacKLess,30008507,0
2573,Firehed,354842,1133
2574,andrerpena,1581429,269
2575,wallymathieu,88096,813
2576,Ogeon,225229,383
2577,cyli,223200,3
2578,robdodson,1066253,3898
2579,Alice,95208,189
2580,Eric Dahlvang,11055362,1674
2581,Guumaster,765396,442
2582,gonzakpo,1031176,109
2583,Rob W,1365071,1145
2584,jeffbski,5689,88
2585,brett19,1621627,373
2586,phumpal,654902,80
2587,martint,20031058,3
2588,thebadmonkeydev,6217672,12
2589,KayleePop,34007889,88
2590,ttmarek,7446702,3
2591,natebosch,7528195,4216
2592,MK13,24321895,10
2593,chalin,7860527,0
2594,lpatino10,8710772,69
2595,Corniel,3055788,1730
2596,Kitten,7016175,0
2597,bradmartin,6006148,504
2598,adamstruck,5560701,41
2599,RWOverdijk,781745,123
2600,mp911de,1035015,8990
2601,felixerdy,12086004,960
2602,mvkara,5882179,153
2603,blumu,3913258,371
2604,nshahan,2498387,305
2605,JordanSussman,8935518,749
2606,lintanghui,13373613,58
2607,Godu,509108,393
2608,str4d,4993799,7989
2609,Kattni,7865090,3542
2610,tych0,785111,2218
2611,cyphar,2888411,2764
2612,JacobEvelyn,1114569,724
2613,wtao-mux,37314602,0
2614,schollz,6550035,5012
2615,javadev,348496,3298
2616,cckelly21,8495156,5
2617,dmlb2000,1504962,158
2618,hugoduncan,54043,464
2619,bekeles,17032809,29
2620,depryf,2622206,681
2621,e0ipso,1140906,650
2622,camilamercado,2342687,12
2623,williaster,4496521,1244
2624,myleshorton,1143966,213
2625,ericsink,3877005,423
2626,JRod-Eiman,22203769,70
2627,rkusa,409021,1069
2628,Martin Mbaya martin@cloudkite.io,19164555,0
2629,huysentruitw,4618744,447
2630,Lucko,112908606,0
2631,goldfire,882005,146
2632,ajbogh,161761,290
2633,localredhead,152448,3
2634,JordonPhillips,2643092,1489
2635,lekosfmi,10788981,116
2636,aoberoi29,25070952,0
2637,Oceania2018,1705364,689
2638,artemy-osipov,1992775,56
2639,erickpintor,813042,212
2640,marrony,1334759,127
2641,vinkobedek,13213802,282
2642,guzzilar,2154669,0
2643,rimiti,28003749,1452
2644,c00kiemon5ter,97634,668
2645,AlexWayfer,6510020,3756
2646,tmcgilchrist,170937,1782
2647,Gama11,2620907,743
2648,therzok,109974,2005
2649,ashok1994,8752259,1
2650,helstern,233848,0
2651,skovhus,1260305,1486
2652,Greg Hellings,273582,878
2653,gjtorikian,64050,894
2654,rolong,4326344,64
2655,thrix04,41500905,27
2656,mprahl,11711106,2346
2657,ono ono,1370070,520
2658,rushfrisby,574729,29
2659,jgromes,3407192,620
2660,olance,314079,263
2661,Bogdan,71147719,357
2662,le0pard,98444,1196
2663,yohangz,5279079,0
2664,wallet77,5022887,467
2665,GIRAUD,46991557,22
2666,windyakin,3339003,1065
2667,danielwertheim,196044,324
2668,pengrad,2172170,61
2669,hansemannn,10667698,991
2670,olafurpg,1408093,4817
2671,einavk,26688751,3
2672,iaomw,2307692,76
2673,GiladShoham,3840769,4807
2674,svenevs,5871461,778
2675,henrygd,8519632,80
2676,zml2008,629092,3078
2677,ekarson,39202283,0
2678,eltonmesquita,5007208,431
2679,pdeffebach,23196228,1745
2680,BKamins,82863554,0
2681,apokalyptik,98647,42
2682,bajb,2241334,1335
2683,eyalbe4,7830056,3821
2684,txs1992,17583395,95
2685,jljsj33,6802825,196
2686,beefchimi,643944,228
2687,weilix88,8561549,84
2688,casperdcl,41898282,43120984
2689,Erikvv,1748197,449
2690,Euank,2147649,578
2691,shawnrice,3452150,47
2692,grs,306588,1230
2693,mapsam,1943001,261
2694,oleurud,421145,56
2695,dgaubert,1936888,146
2696,kirrg001,1160712,536
2697,sjkp,3397744,97
2698,Shynixn,11297593,870
2699,singku,3468296,2
2700,eriknelson2,47368322,0
2701,jedisct1,124872,6241
2702,Green7,11303447,22
2703,drug007,1499607,442
2704,iondrimba,178548,1064
2705,herrstucki,70969,599
2706,gabrieldoty,7918600,0
2707,benmatselby,178634,1269
2708,calind41,48240414,47
2709,jkutner,1589,2206
2710,knightsc,4534275,61
2711,buren,922411,255
2712,hiddentao,266594,791
2713,opeongo,13119309,40
2714,nickl-,1404606,130
2715,c4milo,41681,318
2716,ssisil,34321341,10
2717,skykelsey,978150,0
2718,Brad,33058,0
2719,misi,9201715,0
2720,SunnySunnySunnySunny,23040438,0
2721,midzer,6484844,4271
2722,thegecko,61341,1317
2723,guybedford,598730,5072
2724,pvasek,946316,168
2725,adelavega,2774448,1706
2727,Zack Polc,11914780,45
2728,msimmer,4243474,122
2729,pieroxy,1426854,648
2730,isaachier,2578297,3
2731,koreno,180551,70
2732,Maraino,2222279,1
2733,jamescyeh,23245041,4
2734,Tigraine,89680,72
2735,Andrey1994,8217521,1609
2736,jvswatson,6157666,0
2737,evhub,1337598,922
2738,LuckyNoS7evin,30657709,209
2739,swiftyspiffy,9569194,680
2740,NoahAndrews,10224994,465
2741,majormoses,3145127,512
2742,yajra,2687997,622
2743,travist,130052,3549
2744,ishustava,10640505,2165
2745,mediocregopher,933154,353
2746,felixb,67596024,190
2747,BlackAdder,32432839,0
2748,eps1lon,12292047,18849
2749,andy-ms,19274678,0
2750,schuchard,10186449,148
2751,omame,17727163,1083
2752,backtrader,35817462,0
2753,spencermountain,399657,1826
2754,KarthikBhaskara,8335426,106
2755,szimek,9873,125
2756,NateMcCurdy,10200384,83
2757,mrprim,8786567,59
2758,justincormack,482364,559
2759,HuKeping,9958621,133
2760,srksag,1085221,90
2761,stakach,368013,3552
2762,hfwang,50664274,114
2763,kurtisvg,31518063,2421
2764,zserge,1911760,693
2765,AntonioJuliano,28792520,0
2766,normanargueta,12943780,0
2767,Kazzkiq,1953194,126
2768,tshort,636420,288
2769,pimterry,1526883,2304
2770,Vieira,1133889,0
2771,Toxicable,13490925,34
2772,allejo,1246453,1360
2773,asvishnyakov,6369252,1541
2774,ojizero,14054961,122
2775,buddyspike,2134633,133
2776,kfarnung,931192,656
2777,AKrantz1,25192484,0
2778,asakusuma,597574,435
2779,berkerpeksag,26338,493
2780,ericgio,2978513,235
2781,Chiradeep,11538202,0
2782,gburgett,430257,457
2783,James Perretta,4098992,752
2784,Ferrix Hovi,34988,29
2785,tmsincomb,20929725,109
2786,ksshetty,1976785,2
2787,rfk,2757882,6
2788,maurizi,69657285,0
2789,JeremySkinner,90130,1186
2790,ento,21108,51
2791,rickbergfalk,303966,783
2792,emerali,6067067,247
2793,juancarlospaco,1189414,3437
2794,jarekwg,5036488,281
2795,vikeri,846688,6
2796,medikoo,122434,7263
2797,michalkurzeja,5285809,22
2798,SeB,8978497,163
2799,zbateson,8356974,192
2800,joshaber,13760,129
2801,keithduncan,22101,1932
2802,BneumannR,81638044,20
2803,vict-shevchenko,3974306,17
2804,erickt,76547711,2
2805,jhchen,8318600,2
2806,QueenieMar,19548158,0
2807,Brian McBride,3245172,0
2808,ota42y,6755375,453
2809,berney,3227426,243
2810,sshipway,1400897,99
2811,HinTak,14662953,1596
2812,zhangqiangoffice,11204424,1
2813,philipc,330342,1618
2814,fitzgen,74571,2723
2815,piperRyan,35411044,0
2816,sagebind,2192863,885
2817,stijnmoreels,9039753,4628
2818,ekzhu,320302,97
2819,nickmessing,1633826,23
2820,repeatedly,16928,297
2821,awalterschulze,1829933,1425
2822,notzippy,1387526,25
2823,bukhsh,9677966,150
2824,casesandberg,4633636,6
2825,naqvitalha,7811728,75
2826,DominikH,1254892,38
2827,fjakobs,40952,14
2828,Rohan Varma,8039770,5622
2829,ikeough,1139788,928
2830,danigb,7457,423
2831,customcommander,681975,1005
2832,okuryu,34588,95
2833,Webunity,186093,188
2834,ylon,1931170,5
2835,highsource,6707996,0
2836,yuvalif,1798418,2229
2837,josesimoes,1881520,9756
2838,jxom,7336481,964
2839,Xor-el,12124088,56
2840,EmmaJP,7227747,26
2841,publicarray,5497998,2862
2842,akoeplinger,1376924,5099
2843,ianchesal,291808,99
2844,Giridharan Narayanan,1214819,0
2845,reox,431045,130
2846,DQinYuan,23725000,205
2847,seleb,6496840,1212
2848,chjj,1453732,2
2849,soulseekah,685880,140
2850,nepalez,1526628,425
2851,janko,2749969,19
2852,jfontan,79602926,20
2853,am-kantox,11388982,798
2854,pi-r-p,37228740,110
2855,doloopwhile,1269088,54
2856,KouKouKouKou,107666002,0
2857,peterbourgon,114509,1440
2858,milhidaka,9245788,40
2859,andymsuk,8750417,36
2860,Algunenano,664253,889
2861,alisdairjsmyth,11627564,3
2862,alterphp,738765,86
2863,db7,419366,69
2864,AnthonyLloyd,9265702,545
2865,benmccann,322311,10474
2866,ArtSabintsev,854860,167
2867,yehjxraymond,7406870,916
2868,astrofrog,314716,2569
2869,wrfly,7827389,51
2870,ADmad,142658,3259
2871,filrak,15185752,1345
2872,catbaron0,6258931,92
2873,blueset,553831,396
2874,StephenVavasis,7881863,60
2875,newpavlov,329626,2327
2876,glerchundi,2232214,155
2877,Kengo TODA,505751,5684
2878,h3xstream,593130,382
2879,RehanSaeed,2270364,3887
2880,seb86,497406,1886
2881,michaelchu,540510,84
2882,ermakovich,69581773,0
2883,giuseppeg,711311,555
2884,cliedeman,3578740,661
2885,tristen,61150,541
2886,sgratzl,4129778,6917
2887,Dave Irvine,1782643,34
2888,bnomei,3265642,1567
2889,spea,50526192,1
2890,svk31,6890015,25
2892,sriv,389148,1402
2893,BugDiver,15309877,120
2894,graphaelli,83483,600
2895,rabelenda,3179183,573
2896,Boris Osipov,6514276,836
2897,vogloblinsky,2841805,531
2898,zoul0813,1064917,15
2899,Icebob,306521,2509
2900,William Artero,682095,429
2901,malachy-mcconnell,6051548,16
2902,Jack Pearkes,846194,30
2903,Muukii,1888355,2902
2904,axten,1412778,3
2905,llllllllll,3064397,53
2906,m-pilia,8300317,270
2907,nytamin,9993181,1
2908,samcook,223639,26
2909,Pavel B. Novikov,2521412,58
2910,ltcmelo,2905588,438
2911,daveaglick,1020407,1217
2912,Zizzamia,25471366,0
2913,EvanHerman,5321364,2315
2914,yyuu,112596438,0
2915,justinbastress,33579608,7
2916,clayzim,15946582,0
2917,ninjaahhh,38544039,175
2918,tabacitu,1032474,3158
2919,oresoftware,11139560,86
2920,ssheldon10,55111691,31
2921,thomasfredericks,2685516,128
2922,ashmaroli,12479464,1297
2923,Pierstoval,3369266,1096
2924,bretterer,1906920,853
2925,chilijung,1216029,5
2926,portellaa,1502403,1236
2927,Zaid-Ajaj,13316248,1992
2928,Gimly,29628950,3
2929,minrk,151929,7280
2930,tompng,1780201,322
2931,aberkow,4681584,254
2932,UsulPro,14885189,348
2933,yuce,8017106,2
2934,bajtos,1140553,485
2935,p0nce,1067485,1598
2936,ohtangza,1323963,3
2937,toddpalino,1283289,9
2938,mzwiessele,1563689,0
2939,Dimitar Todorov,7966213,15
2940,Will Sewell,1119785,553
2941,Ruben Jacobse,32992187,0
2942,ProfHoekstra,7159044,138
2943,Roger-Luo,8445510,4052
2944,dariuszseweryn,1412475,276
2945,annismckenzie,16936,726
2946,MrZQfan,29766815,0
2947,rdp,6601551,0
2948,Huang Chunyen,72397626,45
2949,MikhailTymchukDX,17080984,0
2950,mwcz,364615,871
2951,mjackson,22775458,0
2952,davidraythompson,2358270,114
2953,aalexand,1519040,425
2954,FoggyFinder,16510738,172
2955,Happypig375,19922066,1390
2956,jonathantneal,8575712,0
2957,james-lawrence,2835871,1053
2958,mkeeler,1641976,764
2959,chemerisuk,274044,275
2960,Kcnarf,4328986,15
2961,mission.liao,1988671,106
2962,Cameron-C-Chapman,1323581,82
2963,icco,20201,3310
2964,janczer,13544213,3
2965,humblec,5001742,4109
2966,ikatyang,8341033,363
2967,marci4,13464940,275
2968,tinyfive,607967,6
2969,jacksontj,1619869,663
2970,sksq96,8557728,66
2971,rixx,2657547,1830
2972,raphaelm,18662871,100
2973,sobolevn,4660275,10362
2974,dabercro,7958662,121
2975,troshko111,931973,163
2976,ortuman,888899,921
2977,keeganstreet,513363,37
2978,dwwoelfel,476818,220
2979,Maxime Rainville,1168676,3979
2980,ItalyPaleAle,43508,976
2981,zigomir,957321,495
2982,Lonami,6297805,1950
2983,kipz,1865026,354
2984,BigBlueHat,43209,135
2985,puzrin,319465,1592
2986,daffl,338316,2197
2987,menshikh-iv,15094669,58
2988,noloader,3538226,2344
2989,nikhila05,8255216,0
2990,ksatchit,21166217,3535
2991,bryanyang0528,5171607,123
2992,zedd45,546437,29
2993,insightindustry,33738103,129
